,clean_tweets,prediction,language,confidence
17,JuanChrystma chama e puxa veem e vai,"('pt', 0.662814199924469)",pt,0.662814199924469
26,vou começar pela melhor metade ,"('pt', 0.9992270469665527)",pt,0.9992270469665527
44,jooa amanha eu treino,"('pt', 0.9606873393058777)",pt,0.9606873393058777
60,victorcarbono nossa muito duas garrafas de vodka pura uma agnt teve que da pro policial a outra ja tava vazia hauhauahua,"('pt', 0.9779897928237915)",pt,0.9779897928237915
70,robsdlp nao vida to pelo  ela,"('pt', 0.9858106970787048)",pt,0.9858106970787048
71,Isso mesmo kkkkkk,"('pt', 0.7021540403366089)",pt,0.7021540403366089
87,tbouvier muito bom flamengo sim,"('pt', 0.9426223635673523)",pt,0.9426223635673523
89,Ishih Gabi  Paula  a confusão Gabi  Paula  Brenda  corre negada,"('pt', 0.9952182769775391)",pt,0.9952182769775391
119,Pequena no tamanho e cada vez maior nas suas conquistas Só orgulho Aguarde sabado a comemoração será ao nosso estilo hahaha luanabilro,"('pt', 0.9606123566627502)",pt,0.9606123566627502
130,xXBRANdoNDXx LAZAROW  WHAT,"('pt', 0.6087332963943481)",pt,0.6087332963943481
148,juliasalves nem sou mesmo devo te dreads,"('pt', 0.8012925982475281)",pt,0.8012925982475281
152,Bigetao era p falar no chat hahhah deixa entãoboa noitete amosleep tight,"('pt', 0.9628117084503174)",pt,0.9628117084503174
153,Nooooooossa A garota acabou de lamber dentro da minha orelha,"('pt', 0.9616316556930542)",pt,0.9616316556930542
183,Vovozinha sua linda  httptcoRVWmQ,"('pt', 0.7028273940086365)",pt,0.7028273940086365
202,fiquei tanto tempo mexendo carne moída que acho que meu braço vai cair,"('pt', 0.9453678131103516)",pt,0.9453678131103516
218,cheguei cedinho do cfolia,"('pt', 0.7200549244880676)",pt,0.7200549244880676
220,Era Deus caminhando o tempo todo com você,"('pt', 0.9969920516014099)",pt,0.9969920516014099
232,camilati vou e vc cá,"('pt', 0.8769310116767883)",pt,0.8769310116767883
287,DiogoTPinheiro é optimo sem duvida Tens de tirar a carta rapido Depender dos transportes publicos ou dos pais é terrivel,"('pt', 0.8949501514434814)",pt,0.8949501514434814
293,eu e a bianca vamos fazee liçao todo dia juntas,"('pt', 0.9790464639663696)",pt,0.9790464639663696
305,mac miller é lindoooo,"('pt', 0.9998534917831421)",pt,0.9998534917831421
323,Raíssa ficou com raiva só pq eu falei pra ela tomar conta da vida dela hahaha,"('pt', 0.9843150973320007)",pt,0.9843150973320007
325,Vou comprar um cachorro quente com meu irmão bjux,"('pt', 0.9940531849861145)",pt,0.9940531849861145
349,Vou pagar um traveco pro vitor,"('pt', 0.8393006324768066)",pt,0.8393006324768066
355,Minha senha é top,"('pt', 0.9902594685554504)",pt,0.9902594685554504
389,RT “psiquiatro Esse mundo é tão desgraçado sujo e filho da puta que quando alguém tem boas intenções a gente já fica desconfiado”,"('pt', 0.9959614276885986)",pt,0.9959614276885986
405,mlkbezerro  rlx cartano vai calar os bambis,"('pt', 0.7510671019554138)",pt,0.7510671019554138
412,Mando vocês se foderem agr ou necas,"('pt', 0.9982587099075317)",pt,0.9982587099075317
418,jvictorgarrido um ano e três meses os três meses de enrolação mas enfim,"('pt', 0.9969498515129089)",pt,0.9969498515129089
498,se me quer do teu lado tem que me fazer rir,"('pt', 0.9990658760070801)",pt,0.9990658760070801
530,Banho ,"('pt', 0.6986323595046997)",pt,0.6986323595046997
554,InaBerto nao da pra manda por dm é importante,"('pt', 0.9537755846977234)",pt,0.9537755846977234
568,Mais quando isso não acontece nos sentimos a pior pessoa do mundo para qualquer coisa,"('pt', 0.9989280104637146)",pt,0.9989280104637146
569,Estadao Papa Francisco I é contra casamento gay É  movimento do diabo disse httptcoZXoivJRRX ,"('pt', 0.8899370431900024)",pt,0.8899370431900024
575,Aquele momento em que todo mundo sai pra almoçar e vc fica esperando dar a hora de ir embora rachando de fome,"('pt', 0.5778326988220215)",pt,0.5778326988220215
622,Agora imaginem uma menina de  anos grávida imagina a barra que deve ser ter um filho tão nova já não é o suficiente,"('pt', 0.99823397397995)",pt,0.99823397397995
624,preciso dormirr,"('pt', 0.5040189027786255)",pt,0.5040189027786255
659,Perdi meu fone c,"('pt', 0.9584706425666809)",pt,0.9584706425666809
665,Stalley let it drop Show em whos the best BCGMMG,"('pt', 0.7612687349319458)",pt,0.7612687349319458
668,JUUBOLADO gumaroto maaycasante que dia vai ser ,"('pt', 0.5760579705238342)",pt,0.5760579705238342
691,BelaPelisson isaparreiraa kkkk olha essa isabella hahahaha isso ae,"('pt', 0.7734307050704956)",pt,0.7734307050704956
694,Euvivolucasl kkkkkkkkk cê q é,"('pt', 0.9492748379707336)",pt,0.9492748379707336
705,Sufocator vaiiii ser demais ainda vamos conhecer aqueles gays,"('pt', 0.9253477454185486)",pt,0.9253477454185486
714,Eu não canso de assistir Enrolados Sei as falas as musicas Isso que dá não ir pra igreja de noite,"('pt', 0.9931939840316772)",pt,0.9931939840316772
723,Quero um cap alguem me dar um cap,"('pt', 0.8957657217979431)",pt,0.8957657217979431
735,HarryPiranho obg amr,"('pt', 0.780426025390625)",pt,0.780426025390625
756,to mt carente hoje cara pqp,"('pt', 0.9466767907142639)",pt,0.9466767907142639
777,Inscrita para la próxima  BrooksChile ,"('pt', 0.6028458476066589)",pt,0.6028458476066589
782,LucasFortuna humhum É muito amor mesmo kkk,"('pt', 0.9751584529876709)",pt,0.9751584529876709
809,MÃEcomo foi a aula meu filha EU UMA MERDA ODEIO TODO MUNDO BANDO DE FDP QUERO Q AQUELA MERDA EXPLODA E TODO MUNDO MORRA ah foi normal,"('pt', 0.994746744632721)",pt,0.994746744632721
813,ai me chamam pra fazer um menage gay,"('pt', 0.9779770374298096)",pt,0.9779770374298096
824,A isadarella esta muito brava haha,"('pt', 0.9947777986526489)",pt,0.9947777986526489
840,Minha mãe comprou uma geladeira nova e acabou de chegarr ,"('pt', 0.9921358823776245)",pt,0.9921358823776245
844,Ate amanha  ,"('pt', 0.9878365993499756)",pt,0.9878365993499756
848,vai la c tuas amguinha vai,"('pt', 0.6793748736381531)",pt,0.6793748736381531
861,Meerdaaa Esqueci o carregador do meu iPhone na casa da minha tia   e a bateria esta acabando ,"('pt', 0.7777856588363647)",pt,0.7777856588363647
864,diogowizer o viadinho n tem jogo juvenil hj é só cadete e infantil,"('pt', 0.9967374801635742)",pt,0.9967374801635742
867,Tipo mais que feliz,"('pt', 0.8390430212020874)",pt,0.8390430212020874
873,Fução Não Perturbe desativada depois sas h Isso sim é vida haahhahah,"('pt', 0.9986543655395508)",pt,0.9986543655395508
875,RenataCoin vou escrever Rê Coin nos peitos  duvida ,"('pt', 0.9272884726524353)",pt,0.9272884726524353
876,leticiamourap esse é o espírito,"('pt', 0.9755612015724182)",pt,0.9755612015724182
887,tandradep comprei usada de uma mulher em Cf,"('pt', 0.999684751033783)",pt,0.999684751033783
895,Pessoas muito apegadas hm,"('pt', 0.9996508359909058)",pt,0.9996508359909058
911,Evento esse sábado aqui no Morro das Pedras participe Organizado pelo Instituto Inconformados … httptcoQzXXtvGJ,"('pt', 0.6492619514465332)",pt,0.6492619514465332
917,Tem uma meninas onde eu estudo que o cabelo é tão oleoso que os piolhos morrem tudo de colesterol alto,"('pt', 0.9959411025047302)",pt,0.9959411025047302
924,Quero ir pra casa e dormir muito,"('pt', 0.9954544901847839)",pt,0.9954544901847839
940,só isso,"('pt', 0.9826131463050842)",pt,0.9826131463050842
959,Nem vou lá p gi e p vinnyentão vou ver uns filmes e dormir mais,"('pt', 0.9251988530158997)",pt,0.9251988530158997
977,AndreiaTristao obrigado por me seguires ,"('pt', 0.5397617220878601)",pt,0.5397617220878601
987,Vou ir pegar o carregador q ta acabando a bateria ,"('pt', 0.753489077091217)",pt,0.753489077091217
1018,Legal nao vou poder assistir agr o jogo pq eu estou estudando,"('pt', 0.9689529538154602)",pt,0.9689529538154602
1056,e ela n vai te oqe faze,"('pt', 0.9837538599967957)",pt,0.9837538599967957
1075,PatriTiritiri Alfinal quedo yo como malo,"('pt', 0.5575559735298157)",pt,0.5575559735298157
1083,CrisImortalRP aqui no Rio são  segundos,"('pt', 0.9597927927970886)",pt,0.9597927927970886
1090,paulovrenno haahahaha mentira que eu sempre te respondo,"('pt', 0.7552512288093567)",pt,0.7552512288093567
1098,Me ofereci pra ir na casa do Ianzinho  e ainda levaar filme e ele fazer a pipoca maas ele eh muito chato   kkk,"('pt', 0.9719589352607727)",pt,0.9719589352607727
1123,nickbraide kkkkkkk tranquilo vai ficar na minha mesa com o meu primo dia  o local ainda nao sei,"('pt', 0.9031712412834167)",pt,0.9031712412834167
1138,tem q ta tudo certo p amanhãaa,"('pt', 0.9897627234458923)",pt,0.9897627234458923
1173,vou entrar no site de cd pra vende e procura um cd do pollo pra dá pro tcharles de dia dos namorados  rs,"('pt', 0.6885045766830444)",pt,0.6885045766830444
1180,Selduziu rafaelaadeon bah o bati a cabeça doeu,"('pt', 0.6122952103614807)",pt,0.6122952103614807
1181,meu perfil ta tao ,"('pt', 0.8604530096054077)",pt,0.8604530096054077
1206,eliezer ai que nindo vc titizinho ta bom lt,"('pt', 0.5888476967811584)",pt,0.5888476967811584
1208,Zumbi gordo é novidade Kkkkk,"('pt', 0.9601160883903503)",pt,0.9601160883903503
1213,Nao fiz nada o feriado mas so a noite de ontem valeu por ele todo,"('pt', 0.9276267886161804)",pt,0.9276267886161804
1239,Na hora dos trabalhos q a gnt vê quem são os amigos,"('pt', 0.9796255826950073)",pt,0.9796255826950073
1242,eu perdendo ABC do amor c,"('pt', 0.8745313882827759)",pt,0.8745313882827759
1243,To muito chata hoje,"('pt', 0.9966468811035156)",pt,0.9966468811035156
1254,LeticiaLiimaSN maillopes Digo o mesmo Sem vocês eu não seria nada ,"('pt', 0.9983800053596497)",pt,0.9983800053596497
1262,Melhor profissao herdeiro,"('pt', 0.99209064245224)",pt,0.99209064245224
1286,Vou mimi,"('pt', 0.9263281226158142)",pt,0.9263281226158142
1290,Nada melhor do que um banho vo toma agrre,"('pt', 0.6606618762016296)",pt,0.6606618762016296
1291,Dia dos namorados Começamos cedo Com a adorável Tatiane  Expresso Valsul Bar amp Café httptcoHMcrDw,"('pt', 0.8462021350860596)",pt,0.8462021350860596
1328,serakides Outro dia eles é quem estavam protestandotá certo Rsrs,"('pt', 0.9810885190963745)",pt,0.9810885190963745
1338,To amando ver as manifestações to participando desde o inicio mas hipocrisia não da p aceitar,"('pt', 0.9904203414916992)",pt,0.9904203414916992
1355,Eu  fofa,"('pt', 0.9999977350234985)",pt,0.9999977350234985
1363,Como interino de Dom Paulo acolhi na catedral de São Paulo o protesto reprimido do Movimento contra o Custo de Vida Protestemos hoje tb,"('pt', 0.6892681121826172)",pt,0.6892681121826172
1365,hiasmilda então pode ir  Acho que a teacher não liga  Guardo seu pedaço e te espero amanhã  D,"('pt', 0.9957543015480042)",pt,0.9957543015480042
1406,Não acredito ,"('pt', 0.9959508776664734)",pt,0.9959508776664734
1456,Pra passar raiva só por isso,"('pt', 0.964195966720581)",pt,0.964195966720581
1464,Empresto minhas coisas numa boa tenho maior cuidado com as coisas e as pessoas destroem Isso quando elas devolvem ne AF,"('pt', 0.9843793511390686)",pt,0.9843793511390686
1476,Eu ri,"('pt', 0.9995307326316833)",pt,0.9995307326316833
1477,Amanha cedinho ja tem academia com JC to retomando e agora vaaaai,"('pt', 0.8012264966964722)",pt,0.8012264966964722
1499,wazhannin get em girl,"('pt', 0.9661293029785156)",pt,0.9661293029785156
1502,EllenBragga tudo bem  ,"('pt', 0.9341644048690796)",pt,0.9341644048690796
1512,Ganhei meu dia minha semana meu mês meu ano ltltltltltltltltltltltltltltltltltltltltltltltltltltlt,"('pt', 0.9957935810089111)",pt,0.9957935810089111
1521,Cade ana que nao chega,"('pt', 0.6365986466407776)",pt,0.6365986466407776
1529,Acho que tudo não passou de um grande susto,"('pt', 0.9974168539047241)",pt,0.9974168539047241
1543,Podem ter a certeza de que quem fica sofre mais do que quem vai,"('pt', 0.9750083088874817)",pt,0.9750083088874817
1556,julialanza kkk quem sabe ele entra dnv haha,"('pt', 0.8479613661766052)",pt,0.8479613661766052
1564,zombiesmg ai caroles   eu te amo mais que tudo tudinho ,"('pt', 0.8932814598083496)",pt,0.8932814598083496
1569,O que falar dessa nova geração de amigas fura olho ,"('pt', 0.9794436097145081)",pt,0.9794436097145081
1573,eandressaf simmmmm é sobrinho da mulher do meu tio mongol huahuahuahuahuahuahuahua,"('pt', 0.8360923528671265)",pt,0.8360923528671265
1596,Iluminada por Deus seja minha quebradaa DuasSemanasSemOanjoDaleste,"('pt', 0.9459314346313477)",pt,0.9459314346313477
1599,Quero que morram todos vocês  die please ,"('pt', 0.9874328970909119)",pt,0.9874328970909119
1607,mania de me intrometer nas conversas kk credovou falar mais nada não,"('pt', 0.9919179677963257)",pt,0.9919179677963257
1621,A verdade é que eu gosto de não ver sentindo,"('pt', 0.9991008043289185)",pt,0.9991008043289185
1647,Giulia é foda KKKKKK,"('pt', 0.984542965888977)",pt,0.984542965888977
1649,tentando compreender como coca cola consegue ser tão bom,"('pt', 0.8668210506439209)",pt,0.8668210506439209
1658,daí quando tu põe na cabeça que está tudo bem vem um tweetrt e te põe na indecisão denovo,"('pt', 0.9752693772315979)",pt,0.9752693772315979
1660,N sinto minhas mãos,"('pt', 0.995231032371521)",pt,0.995231032371521
1689, anos preso nesse transito,"('pt', 0.9024414420127869)",pt,0.9024414420127869
1691,Dormirei,"('pt', 0.8745388984680176)",pt,0.8745388984680176
1708,Assistindo ufc com mãe hhaha,"('pt', 0.9775761961936951)",pt,0.9775761961936951
1715,Entendi a mt tempo que era pra me afastar mais as emoções falaram mais alto mas eu não preciso de vc,"('pt', 0.995919406414032)",pt,0.995919406414032
1750,Hahahaha vou desligar o g entaummm,"('pt', 0.9202381372451782)",pt,0.9202381372451782
1771,itauhoras chegar o cartão e o cliente ficar frustrado  Olha objetivo alcançado ,"('pt', 0.9438934922218323)",pt,0.9438934922218323
1784,cissanaweb gabyspanic ceciliamx mas tem aquele risco que eu te falei Igual naquele dia do Paramore,"('pt', 0.8877710103988647)",pt,0.8877710103988647
1796,NiseOliveira olha quem fala,"('pt', 0.9337525367736816)",pt,0.9337525367736816
1836,Marcellamms  folgo quinta  se der vou dar um pulo ai  Ta de ferias ainda ,"('pt', 0.8437439799308777)",pt,0.8437439799308777
1862,C fica de caozada a porrada come,"('pt', 0.6965116858482361)",pt,0.6965116858482361
1863,Tinha faltado luz aqui na minha vo kkkkk,"('pt', 0.748794674873352)",pt,0.748794674873352
1882,Só porque eu cheguei em casa empolgado meu pai ta dormindo show,"('pt', 0.9812824726104736)",pt,0.9812824726104736
1897,tteuromero anecarolinad até fui elogiada pela sora d física por ser super participativa e estar ajudando meus coleguinhas hahahah,"('pt', 0.8877304792404175)",pt,0.8877304792404175
1920,os cara do Mc sentaram na mesa com a gente kkkkkkk eu e ela ficamos whatahell,"('pt', 0.8605399131774902)",pt,0.8605399131774902
1969,Tenho jogo em Venâncio amanha saímos as  e voltamos as  hrs  É jogo muito importante,"('pt', 0.9863744974136353)",pt,0.9863744974136353
1970,Sair ou nao sair hj eis a questão,"('pt', 0.938005268573761)",pt,0.938005268573761
1988,Eu ia no Emanuel hoje mais não vai ter AF,"('pt', 0.99944669008255)",pt,0.99944669008255
1991,Que ano de ,"('pt', 0.8313090801239014)",pt,0.8313090801239014
1997,Ele gosta de ser boi mds k,"('pt', 0.9999337196350098)",pt,0.9999337196350098
2000,Logo eu que nem pensava eu não imaginava te merecer ,"('pt', 0.9884623885154724)",pt,0.9884623885154724
2009,Bom dia pra vc que tem que viver nessa cidade horrível que é Franco da Rocha,"('pt', 0.9914087653160095)",pt,0.9914087653160095
2013,E melhores amigos vão se tornando apenas conhecidos,"('pt', 0.9737153053283691)",pt,0.9737153053283691
2033,Agora o playboy rodouta passando mal e o remédio e o amooor ,"('pt', 0.5810545682907104)",pt,0.5810545682907104
2043,ApLuizRegina satanas só trabalha aonde tem brecha,"('pt', 0.9717695713043213)",pt,0.9717695713043213
2054,procima cemana tem prova de portuguez e eu to sabemdo di tudu,"('pt', 0.8144981861114502)",pt,0.8144981861114502
2067,Ainda mais c gente criticando oq ainda nem viu Tipo calem a boca e dps de sábado a gente conversa ,"('pt', 0.7828423976898193)",pt,0.7828423976898193
2083,O sertão laranja sem filtro  Sertão Cearense httptcoQphhvv,"('pt', 0.6800041794776917)",pt,0.6800041794776917
2095,Ah se o Nightwish Shop não fosse tão caro e em Euro,"('pt', 0.9987949728965759)",pt,0.9987949728965759
2133,acordar cedo é uma merda,"('pt', 1.0000497102737427)",pt,1.0000497102737427
2139,Que dia chato caralho,"('pt', 0.9461137056350708)",pt,0.9461137056350708
2141,não é que ele manja mesmo,"('pt', 0.9997634887695312)",pt,0.9997634887695312
2184,Quanto tempo você esperaria pelo amor da sua vida ,"('pt', 0.9987937808036804)",pt,0.9987937808036804
2185,A mina é igual havaianas todo mundo usa auhahaha,"('pt', 0.7577961683273315)",pt,0.7577961683273315
2236,Bom Dia Brasília  Aeroporto Internacional de Brasília BSB w  others httptcodlIxyGmr,"('pt', 0.6034176349639893)",pt,0.6034176349639893
2240,Mais ainda me vejo sozinho nesses sonhos,"('pt', 0.8315725326538086)",pt,0.8315725326538086
2241,paulaafandrade ela é foda,"('pt', 0.9799646735191345)",pt,0.9799646735191345
2252,Acabei de publicar uma foto  JEDICON SP   httptcopTxBjuY,"('pt', 0.9035419225692749)",pt,0.9035419225692749
2259,Eu ate ia nadar mais n perco o jogo por nd,"('pt', 0.9994968175888062)",pt,0.9994968175888062
2282,Com mais nojo somente,"('pt', 0.9281172752380371)",pt,0.9281172752380371
2287,Não quero saber dos outros você que é minha filha até quando,"('pt', 0.9996082782745361)",pt,0.9996082782745361
2289,Hj comecei o dia bem recebendo uma ligação da mãe  mto lindaa pq eu sei q ela não gosta de telefone  e msmo assim ela me ligo ,"('pt', 0.9990729689598083)",pt,0.9990729689598083
2327,A mensagem mais linda envieia há pouco,"('pt', 0.9835609793663025)",pt,0.9835609793663025
2354,QuintasSara mas eu queria agora amor,"('pt', 0.9311726093292236)",pt,0.9311726093292236
2370,Eu só sei que amei que amei que amei,"('pt', 0.8948290348052979)",pt,0.8948290348052979
2379,Há gente q se acha tanto e não é porra nenhuma,"('pt', 0.9994642734527588)",pt,0.9994642734527588
2407,Agora é só chegar em casa e jogar lol,"('pt', 0.9990140795707703)",pt,0.9990140795707703
2411,thayshimizu ja reservei o meu com uma amiga já,"('pt', 0.987060546875)",pt,0.987060546875
2423,Eu era tão fofa httptcoKbQsqkUN,"('pt', 0.9732633829116821)",pt,0.9732633829116821
2428,No momento minha mãe está batendo um papo maneiro com Amanda no telefone,"('pt', 0.9919965863227844)",pt,0.9919965863227844
2429,E assim acabou o meu final de semana Amanhã vou acordar na academia  Mariposa httptcogfzJ,"('pt', 0.7218203544616699)",pt,0.7218203544616699
2436,amanha não vou ter minha folguinha de tarde vou ter q ir no cursinho ,"('pt', 0.9933586120605469)",pt,0.9933586120605469
2437,Prova de química amanhã e eu aqui sem saber de nadanadanadaaaa,"('pt', 0.8074437379837036)",pt,0.8074437379837036
2446,tylerqueer O K,"('pt', 0.5632033348083496)",pt,0.5632033348083496
2461,nunca pensei q eu me sentiria tao mal,"('pt', 0.6775732040405273)",pt,0.6775732040405273
2479,sdds ano passado,"('pt', 0.9857796430587769)",pt,0.9857796430587769
2482,SaoPauloFC graças a Deus o denilson ficou no vestiário porém o Osvaldo num ta lá estas coisas,"('pt', 0.814142644405365)",pt,0.814142644405365
2516,Minhas aventuras com Priscila são as melhores  ,"('pt', 0.91756671667099)",pt,0.91756671667099
2544,N sei lidar com essas coisas mano impossível,"('pt', 0.9468745589256287)",pt,0.9468745589256287
2548,Se minha internet tivesse boa eu ate postaria aqui pra vcs verem mas,"('pt', 0.7902199029922485)",pt,0.7902199029922485
2564,liamsrobot thonapenas eu shippo liam com a ppk alheia e Zayn com a minha NDJKDKSKAKA,"('pt', 0.867282509803772)",pt,0.867282509803772
2571,Deveria ter ficado no B no começo do ano eles sao muito mais unidos do que a minha sala,"('pt', 0.9984081983566284)",pt,0.9984081983566284
2572,hahahhahauaha lembrei do Zé Paulo falando que nao era pra escrever na carta beijos que ele ia sentir ofendido HAUAUAUUA que boasta,"('pt', 0.6485149264335632)",pt,0.6485149264335632
2591,Não provoca nao baby,"('pt', 0.9896815419197083)",pt,0.9896815419197083
2616,esse ano foi um completo lixo,"('pt', 0.9991634488105774)",pt,0.9991634488105774
2627,danlippertskt me esqueceu ne fdp nunca mais falo cmg,"('pt', 0.8926298022270203)",pt,0.8926298022270203
2634,Ooh kill em Sharks,"('pt', 0.959924042224884)",pt,0.959924042224884
2643,N desejo dor de cólica nem pra minha pior inimiga,"('pt', 0.6682462692260742)",pt,0.6682462692260742
2650,CiteDesejosPara dinheiro,"('pt', 0.5802952647209167)",pt,0.5802952647209167
2663,Dps nao vem na minha ui,"('pt', 0.9083556532859802)",pt,0.9083556532859802
2671,mal humor se estendeu ñ to nada bem e ainda tem prova pra me alegrar mais bom ainda bem q estudei,"('pt', 0.9871079325675964)",pt,0.9871079325675964
2690,Eu te amo tanto  bebê mais gostoso de todos httptcoskYEhOMLA,"('pt', 0.8834916353225708)",pt,0.8834916353225708
2703,lorepvcs  essa musica é lindinha demais,"('pt', 0.9879066944122314)",pt,0.9879066944122314
2706,Conta comigo sempre Te amo parceiro   Instituto Denizard Rivail Sede httptcoaPChCVco,"('pt', 0.6118335723876953)",pt,0.6118335723876953
2723,Daí você fala alguma coisa e não percebe que sua mãe tá ouvindo Massa fofa  Kkk,"('pt', 0.9977205991744995)",pt,0.9977205991744995
2736,Diz que não se importa mas faria de tudo pra ta do lado daquela pessoa,"('pt', 0.9937913417816162)",pt,0.9937913417816162
2762,Lucas Lucco é um amendobôbo yeah Repassem,"('pt', 0.9807754755020142)",pt,0.9807754755020142
2777,Eu quero ser pra você ,"('pt', 0.999947726726532)",pt,0.999947726726532
2792,xRATED can u not msg me,"('pt', 0.7892904281616211)",pt,0.7892904281616211
2802,biebersupple é mas o perigo é grande,"('pt', 0.9991188645362854)",pt,0.9991188645362854
2813,Talvez amanha eu va num park dqki de curitiba   nao vejo a hora de ir pro shopping pra iir compra capinhas  vou ver se tem de my idols ,"('pt', 0.7230753898620605)",pt,0.7230753898620605
2831,a tim n pega aqui ,"('pt', 0.883686900138855)",pt,0.883686900138855
2838,O sorriso já me satisfaz lt,"('pt', 0.8235421776771545)",pt,0.8235421776771545
2864,rt seguimi e ti seguo  x,"('pt', 0.5006902813911438)",pt,0.5006902813911438
2880,Ele   Prainha httptcovbEzTMTf,"('pt', 0.961724579334259)",pt,0.961724579334259
2944,Eu falei que ela não ia vim atrás não sei porque não apostei,"('pt', 0.9996855854988098)",pt,0.9996855854988098
2956,Eu acho que nian nunca acabou eles só queriam ver nosso sofrimento mesmo,"('pt', 0.9800151586532593)",pt,0.9800151586532593
2957,Eu troco mil estrelas pra te dar a lua  ,"('pt', 0.9950394630432129)",pt,0.9950394630432129
2978,Gente eu nao sou assim,"('pt', 0.9578335285186768)",pt,0.9578335285186768
2981,Kd a vontade de arrumar minha mala,"('pt', 0.7274982333183289)",pt,0.7274982333183289
2999,allanconradi valia fazer essa né,"('pt', 0.8208323121070862)",pt,0.8208323121070862
3001,Conheço o Rodolfo desde pequena e ele faz isso comigo CORTANDO RELAÇÕES,"('pt', 0.9950211644172668)",pt,0.9950211644172668
3010,É só isso não tem mais jeito acabou Boa sorte,"('pt', 0.9988446831703186)",pt,0.9988446831703186
3057,Odeio entrar pelo celular eu curto tudo sem ver ,"('pt', 0.9865004420280457)",pt,0.9865004420280457
3061,Essas musicas novas do justin estão muito boas  ,"('pt', 0.99628084897995)",pt,0.99628084897995
3070,Rockixe vcs ai ricos na zona sul não tem uma previsão do tempo propria Aaaaaffff,"('pt', 0.9962566494941711)",pt,0.9962566494941711
3090,Tudo passa mesmo,"('pt', 0.8800501227378845)",pt,0.8800501227378845
3107,Pode parecer loucura mas  eu gosto do tcc,"('pt', 0.904645562171936)",pt,0.904645562171936
3121,Tenho  folhas ou mais a falar tudo da rev francesa e não percebo um crl Acho q cada vez mais confusa estou,"('pt', 0.9985558986663818)",pt,0.9985558986663818
3122,Olá  quem ta na sala ,"('pt', 0.6442630290985107)",pt,0.6442630290985107
3125,Nem fui correr hoje ,"('pt', 0.7865710258483887)",pt,0.7865710258483887
3140,Tira foto só pra mostra os peitinho,"('pt', 0.8384478092193604)",pt,0.8384478092193604
3152,qissucarol melhor de todoss,"('pt', 0.8996935486793518)",pt,0.8996935486793518
3155,Zoar A gente se vê por aqui,"('pt', 0.8922598958015442)",pt,0.8922598958015442
3156,oi meu nome é jessica chastain e eu acabo com a vida da caroline httptcoLNMAiHxgQ,"('pt', 0.9575932621955872)",pt,0.9575932621955872
3185,Engraçado só me chamam pra rolê quando não tenho dinheiro,"('pt', 0.9950210452079773)",pt,0.9950210452079773
3186,To mt mt de cara q esse guri n se apareça na minha frente ,"('pt', 0.847967803478241)",pt,0.847967803478241
3188,Gosto tanto de ti  acho que não tens noção,"('pt', 0.9990288615226746)",pt,0.9990288615226746
3200,Sou a unica pessoa que ODEIA esperar alguem te responder no wpp ainda mais de madrugada tu querendo ir dormir ,"('pt', 0.8692377209663391)",pt,0.8692377209663391
3213,Primeiro dia de aula e já ter tarefa é pra acabar né,"('pt', 0.9268624782562256)",pt,0.9268624782562256
3217,Acordei com pé direito E vou fazer de novo vou fazer muito bem feito CharlieBronwJr,"('pt', 0.9977614879608154)",pt,0.9977614879608154
3224,ooh kill em oooh kill em,"('pt', 0.9619596600532532)",pt,0.9619596600532532
3243,Passei rímel no Douglas hj kkk Ele ficou lindo ,"('pt', 0.9874325394630432)",pt,0.9874325394630432
3260,Mudei minha foto hahahaha ENTRA,"('pt', 0.9147868156433105)",pt,0.9147868156433105
3266,Cheguei na pedrita hj n fiquei nem  minutos vendo aquele cara falando da manifestação amanhã e ja vim embora,"('pt', 0.8335788249969482)",pt,0.8335788249969482
3280,O,"('pt', 0.5632033348083496)",pt,0.5632033348083496
3282,Masss esse problema p me deixa preocupada vlhh,"('pt', 0.6697481274604797)",pt,0.6697481274604797
3307,Mas se ficar cmg  é pq gosta do meu,"('pt', 0.9993031024932861)",pt,0.9993031024932861
3335,real  x schalke  Isso é coisa de gaylo eternox,"('pt', 0.9768455624580383)",pt,0.9768455624580383
3341,Sabe Só acho que ta  SÓ ACHOOO BROCADOOOR VOLTOU,"('pt', 0.7092016339302063)",pt,0.7092016339302063
3345,DanniloRangel so quem da dinheiro pra isso e otario Mas toda tampa tem sua panela kkkk um dia ela se atrapalha,"('pt', 0.987517237663269)",pt,0.987517237663269
3359,Povo da minha familia é td louco senhorrrr,"('pt', 0.993058979511261)",pt,0.993058979511261
3407,Poderosa olhar de diamante,"('pt', 0.8696982860565186)",pt,0.8696982860565186
3410,h Que o karma exista   p,"('pt', 0.7269649505615234)",pt,0.7269649505615234
3412,Essas baixinhas,"('pt', 0.8397520780563354)",pt,0.8397520780563354
3417,E a minha vontade de ir nesse negócio da luv Cade,"('pt', 0.8361416459083557)",pt,0.8361416459083557
3433,ele me comia com aqueles olhos de comer fotografias eu disse cheese,"('pt', 0.9655698537826538)",pt,0.9655698537826538
3439,awnbiebss tenho  anos e ela nunca nunca mesmo me deixa ver meus amigos,"('pt', 0.9730913043022156)",pt,0.9730913043022156
3442,Tem dias que a minha net ta uma merda uu,"('pt', 0.9983012676239014)",pt,0.9983012676239014
3449,Capisco che é importante dormire solo adesso,"('pt', 0.9311914443969727)",pt,0.9311914443969727
3486,Chega do assunto briga muda a fita que saco,"('pt', 0.7529352307319641)",pt,0.7529352307319641
3493,Qual e o cachorro que nao tem rabo ,"('pt', 0.9818702340126038)",pt,0.9818702340126038
3495,da pra ir cm minha mãe no medico nao kkkk cada pergunta,"('pt', 0.9742626547813416)",pt,0.9742626547813416
3502,Eu vendo bbb oxente,"('pt', 0.9932234883308411)",pt,0.9932234883308411
3534,FranzinhaOscar eu nao fiz nd,"('pt', 0.9080958366394043)",pt,0.9080958366394043
3548,Oss arranhei a tela do meu celu legal pqp,"('pt', 0.5080477595329285)",pt,0.5080477595329285
3550,Eu Sou A Jennifer Lawrence™ né,"('pt', 0.9861157536506653)",pt,0.9861157536506653
3579,Tou com fomeeee como é q faz comida ,"('pt', 0.9927599430084229)",pt,0.9927599430084229
3613,DDriessen tem que reforçar Não temos reservas p defesa nem titular c Manél nem um bom armador Com um técnico bom melhoraria tb,"('pt', 0.9392041563987732)",pt,0.9392041563987732
3630,Vou estudar no sol cara pq seguir a previsão do tempo ta meio fail,"('pt', 0.9880370497703552)",pt,0.9880370497703552
3631,Festa da cebola ontem muito massa,"('pt', 0.9924400448799133)",pt,0.9924400448799133
3658,Leveme contigo ou percase comigooo,"('pt', 0.5558667778968811)",pt,0.5558667778968811
3675,Vamos para mais um plantão   Hospital OphirLoyolapa httptcowGhgpmA,"('pt', 0.9906654953956604)",pt,0.9906654953956604
3680,MarinaSts não sei  Sei q vc nem respondeu meu pedido,"('pt', 0.9899525046348572)",pt,0.9899525046348572
3684,Vocês que se acham incríveis deixa eu falar uma coisa vocês não são httptcoYAEPCmFOO,"('pt', 0.9997364282608032)",pt,0.9997364282608032
3726,Dormi muito,"('pt', 0.999801516532898)",pt,0.999801516532898
3734,Tenho preguiça de me arrumar,"('pt', 0.8395327925682068)",pt,0.8395327925682068
3751,Comigo,"('pt', 0.798602283000946)",pt,0.798602283000946
3752,só não volta colégio e academia aberta,"('pt', 0.9949678182601929)",pt,0.9949678182601929
3760,Lets go Braves shut em down,"('pt', 0.9946889281272888)",pt,0.9946889281272888
3768,beufrasio JULINHODFS essa foto ficou linda eu particularmente amo Xiu Beatriz,"('pt', 0.8752278685569763)",pt,0.8752278685569763
3776,Gente que que esses cruzeirenses tão falando aí  Por favor né ,"('pt', 0.6447228193283081)",pt,0.6447228193283081
3798,Vamos deixar a Clara falando com aw Clanessas dela e vamos focar no AnceloDay,"('pt', 0.8654614090919495)",pt,0.8654614090919495
3822,Eu odeio esse meu jeito,"('pt', 0.9959166049957275)",pt,0.9959166049957275
3845,rodpocket fura fila sem abraços,"('pt', 0.8223257660865784)",pt,0.8223257660865784
3848,CaiioSenna é vigília é,"('pt', 0.9956436157226562)",pt,0.9956436157226562
3861,Cheguei curita,"('pt', 0.7001883387565613)",pt,0.7001883387565613
3869,g da tim é o piorrrrr,"('pt', 0.9990058541297913)",pt,0.9990058541297913
3873,quando eu mais precisei você não estava lá p me ajudarporque esta esperando eu ir te ajudar mesmo,"('pt', 0.9961129426956177)",pt,0.9961129426956177
3877,Im at Primeira Igreja Batista de Assaré httptcoyuSYLWmFED,"('pt', 0.583420991897583)",pt,0.583420991897583
3883,finalmente primeiras da fila ,"('pt', 0.8904770016670227)",pt,0.8904770016670227
3886,Meu pai é meu tudo,"('pt', 0.9993119239807129)",pt,0.9993119239807129
3894, Fica bem mas fica só comigo ,"('pt', 0.9834153652191162)",pt,0.9834153652191162
3895,GabrielaIsadora vc tem um pagé,"('pt', 0.993145227432251)",pt,0.993145227432251
3953,TTD tem uma batida de country engraçada HSUAHSUAHSUAHUSHA,"('pt', 0.9618135690689087)",pt,0.9618135690689087
4013,To cansada demais de estudar minha cabeça vai explodir socorro,"('pt', 0.857226550579071)",pt,0.857226550579071
4019,Meu benzinho foi embora ,"('pt', 0.9945502877235413)",pt,0.9945502877235413
4087,Semana que vem começo meu curso Quero francês logo,"('pt', 0.9963597059249878)",pt,0.9963597059249878
4093,E ela tinha dito que se fizessemos barulhos levavamos falta disciplinar coletiva,"('pt', 0.8896030187606812)",pt,0.8896030187606812
4103,Deitado na minha cama acende um green,"('pt', 0.9837804436683655)",pt,0.9837804436683655
4143,vou afundar no meu sofá flw seus fã de ed sheeran,"('pt', 0.9182835817337036)",pt,0.9182835817337036
4151,Guardar lá dentro um amor não impede que ele empedre mesmo crendose infinito,"('pt', 0.9978947043418884)",pt,0.9978947043418884
4152,cmonkids estudo mas hoje só teve q entregar resenha rsrs,"('pt', 0.939548909664154)",pt,0.939548909664154
4179,Lasanha pra felicidade geral,"('pt', 0.9278408288955688)",pt,0.9278408288955688
4186,E os recalcado fala mau e faz pirraça ,"('pt', 0.9436356425285339)",pt,0.9436356425285339
4198,Cuidado Quando o coração se apaixona o cérebro deixa de funcionar,"('pt', 0.9547486901283264)",pt,0.9547486901283264
4202,Quero sua boca toda não me solta eu quero tudo Sem vc hoje eu não durmo,"('pt', 0.9984900951385498)",pt,0.9984900951385498
4228,viro modinha ficar rt nos fatos,"('pt', 0.9537859559059143)",pt,0.9537859559059143
4242,E tava boa até dirigi meuu,"('pt', 0.8418712019920349)",pt,0.8418712019920349
4247,Campanha vou arrumar um namorado pra Eduarda pra ela esquecer esse Bruno pq nssss,"('pt', 0.9892351031303406)",pt,0.9892351031303406
4251,Que toda inveja se converta em beijo na boca ,"('pt', 0.8909749388694763)",pt,0.8909749388694763
4253,E de longe eu só observo ,"('pt', 0.821675181388855)",pt,0.821675181388855
4264,Coragem Pra Mudar será o slogan da convenção nacional do PSB que homologada Eduardo e Marina candidatos à PR httptcowSmuqNYRZ,"('pt', 0.8638784885406494)",pt,0.8638784885406494
4279,Odeio quem fala muito a essa hora da manhã,"('pt', 0.9949711561203003)",pt,0.9949711561203003
4305,RecitoJovem por favor me segue de volta,"('pt', 0.8602151870727539)",pt,0.8602151870727539
4327,Por isso madrugo não quero ler nada kkkkkkkkkkkk,"('pt', 0.966742217540741)",pt,0.966742217540741
4332,As bençãos que me tocam são infinitamente maiores que os problemas que me cercam,"('pt', 0.9770637154579163)",pt,0.9770637154579163
4337,Na boa to com medo dessa situação do Neymar rs,"('pt', 0.9684391617774963)",pt,0.9684391617774963
4358,Ainda bem que foi só segunda,"('pt', 0.994597852230072)",pt,0.994597852230072
4395,pedi um marmitex agora,"('pt', 0.9150359034538269)",pt,0.9150359034538269
4398,estamos paradas no trânsito sem ver o jogo ,"('pt', 0.9077715277671814)",pt,0.9077715277671814
4399,Vou ali na patury mais tarde ,"('pt', 0.9620057344436646)",pt,0.9620057344436646
4400,To vendo filminho de terror tranks kk,"('pt', 0.5349816083908081)",pt,0.5349816083908081
4412,esse filme da sessão da tarde é um amorzinho lt,"('pt', 0.9991933703422546)",pt,0.9991933703422546
4417,To com uma preguiça de tomar banho,"('pt', 0.9983806610107422)",pt,0.9983806610107422
4419,Lantok mu lhee,"('pt', 0.742705225944519)",pt,0.742705225944519
4435,Em terra de open bar eu domino a coroa  ,"('pt', 0.8660486936569214)",pt,0.8660486936569214
4436,Amiga eu to muito beba fem mi axudar por farJGGHFGFG,"('pt', 0.9725248217582703)",pt,0.9725248217582703
4450,Mal mal estou indo pra escola  no meio da semana  ate parece que vou ir no sabado ,"('pt', 0.909432590007782)",pt,0.909432590007782
4454,O que está acontecendo O mundo está ao contrário e ninguém reparou  Residência Arikawa httptcowZLfkenC,"('pt', 0.9388634562492371)",pt,0.9388634562492371
4463,Vou dormir,"('pt', 0.8475815653800964)",pt,0.8475815653800964
4471,adoro os olhos do harry pq a cor muda deve ser muito maneiro conviver com ele e perceber isso,"('pt', 0.9963628053665161)",pt,0.9963628053665161
4484,Ate que essa malhação PARECE ser legalzinha PARECE Mais igual da brutinha nunca vai ter igual,"('pt', 0.9854990839958191)",pt,0.9854990839958191
4488,Meu irmao colocou tala no gato pra ele nao morder ela coitado ,"('pt', 0.9859210848808289)",pt,0.9859210848808289
4528,niallminhalora oi amr vc poderia ler a minha nova fic e votar na estrelinha httptcoRipQeBL por favor e brigada,"('pt', 0.87310391664505)",pt,0.87310391664505
4547,Im at Centro de Convenções de Goiânia in Goiânia GO w  others httptcovlqfslE,"('pt', 0.8054357171058655)",pt,0.8054357171058655
4548,Mas se for pra falar de algo bom eu sempre vou lembrar de vc,"('pt', 0.9137565493583679)",pt,0.9137565493583679
4553,mauriciostycer hehehe Gostei muito mas cansei na reta final,"('pt', 0.9634472131729126)",pt,0.9634472131729126
4569,Ganha do botafogo e perde pra chapecoense ta de sacanagem so podenmais são os mulambo kkkk e voltaram pra lanterna,"('pt', 0.9243980050086975)",pt,0.9243980050086975
4578,bom dia,"('pt', 0.561508059501648)",pt,0.561508059501648
4580,Sabe quando a felicidade dos outros eh a sua tb,"('pt', 0.9942718148231506)",pt,0.9942718148231506
4597,samwell melhor app do ano,"('pt', 0.9992164969444275)",pt,0.9992164969444275
4604,Vou mimir,"('pt', 0.8891948461532593)",pt,0.8891948461532593
4610,Oi jóquinha porquethais,"('pt', 0.867546021938324)",pt,0.867546021938324
4613,De  falta só  dias,"('pt', 0.9875919222831726)",pt,0.9875919222831726
4616,Certo q meu irmao tambem não comprou nd p meu pai,"('pt', 0.9966492056846619)",pt,0.9966492056846619
4628,Sou a melhor irmã do mundo celobn    httptcockPvzqs,"('pt', 0.8988334536552429)",pt,0.8988334536552429
4632,Te ver é nao te ter e uma castigo,"('pt', 1.000049352645874)",pt,1.000049352645874
4665,Ovinho frito com a gema mole com aquele pãozinho com um cafezinho  Amo     ,"('pt', 0.9299042224884033)",pt,0.9299042224884033
4695,Boa noitee,"('pt', 0.7482983469963074)",pt,0.7482983469963074
4697,patfofa Já vias as subs filha,"('pt', 0.5798085331916809)",pt,0.5798085331916809
4700,To com fome,"('pt', 0.5223742127418518)",pt,0.5223742127418518
4711,yagocoutto JDKSBDMSBSKDBSKNDKSBSKSJSKS bem feito,"('pt', 0.8700825572013855)",pt,0.8700825572013855
4716,GRAVAÇÃO DO INVASÃO DA CIDADE COM TITÃS  Estúdio Floresta httptcoBOJkzOJgx,"('pt', 0.8688259720802307)",pt,0.8688259720802307
4719,flytoluan  ai já n sei mpn luan,"('pt', 0.6382501721382141)",pt,0.6382501721382141
4725,souza me lembra de umas coisas q olha,"('pt', 0.9319854378700256)",pt,0.9319854378700256
4726,herddlovato maratona de votos mande esse tweet para dez pessoas quem receber tem que mandar para mais dez pessoas votedemilovato,"('pt', 0.9836243391036987)",pt,0.9836243391036987
4739,Acordo e a tim fora do ar ótimo isso,"('pt', 0.8895008563995361)",pt,0.8895008563995361
4759,“LuizAdemarJr Luan entrou no lugar de Rafael Miranda Galo vai voar com Luan É bom o Palmeiras se cuidar” O xodó da vovó,"('pt', 0.5657585859298706)",pt,0.5657585859298706
4760,Que humoooooooooos,"('pt', 0.5760927200317383)",pt,0.5760927200317383
4767,Ba quanto tempo q agt nao se falava azar,"('pt', 0.8135055899620056)",pt,0.8135055899620056
4773,To eu jogadaaaa na merda com esse vídeo do liam,"('pt', 0.8910602927207947)",pt,0.8910602927207947
4774,Você quebrou ela da pior maneira que se pode quebrar alguém,"('pt', 0.9989427924156189)",pt,0.9989427924156189
4788,Que mas da me aburre,"('pt', 0.8707050085067749)",pt,0.8707050085067749
4808,Daqui a pouco vou tomar um banho e vou pra minha cama ver serie Acho que vou ver Mom,"('pt', 0.992486298084259)",pt,0.992486298084259
4822,deixa rolarrr,"('pt', 0.7133436799049377)",pt,0.7133436799049377
4828,Tanto tempo pra vim me dá espinha e quando eu viajo tchanammm Aparece um vulcão no meu rosto Vtf,"('pt', 0.9303719401359558)",pt,0.9303719401359558
4836,To sem paciência,"('pt', 0.9950903058052063)",pt,0.9950903058052063
4852,Cê pediu outra chance e até implorou mas agora não tem jeito tio ela cansou,"('pt', 0.9979860782623291)",pt,0.9979860782623291
4864,Só observo e isso só soma,"('pt', 0.9115921854972839)",pt,0.9115921854972839
4875,lindudo acho que sim Mano O Metrô veio no talo Só dava gente vestindo o Manto Sagrado Alvinegro Vai ser um Caldeirão Tô pressentindo,"('pt', 0.9243057370185852)",pt,0.9243057370185852
4894,minha garganta nem está fudida não imagina,"('pt', 0.9969302415847778)",pt,0.9969302415847778
4897,Pessoas erradas geram tempos trágicos drMM,"('pt', 0.763599157333374)",pt,0.763599157333374
4899,BragaThiago Nem eu kkkkkkk,"('pt', 0.5092788934707642)",pt,0.5092788934707642
4926,Q preguiça é essa mds,"('pt', 0.9885637760162354)",pt,0.9885637760162354
4932,Precisa de falar algo   httptcoTrwDyCGsY,"('pt', 0.502419114112854)",pt,0.502419114112854
4951,BillvonW velho Ah mano Pq vcs n aceita,"('pt', 0.8195170760154724)",pt,0.8195170760154724
4952,Minha vida ta uma bagunça,"('pt', 0.9995611310005188)",pt,0.9995611310005188
4964,Ídolos normais   Desconheço esse fatonEMABiggestFansD httptcoHBCfTyose,"('pt', 0.8514138460159302)",pt,0.8514138460159302
4969,Como assim o boy ainda não entrou em nenhuma rede social Morreu e não me avisou Fdp,"('pt', 0.9991109371185303)",pt,0.9991109371185303
4986,hoje o dia passou tão rápido que bom né,"('pt', 0.9176353216171265)",pt,0.9176353216171265
4988,Eu botei eu botei raaaah ,"('pt', 0.9422962665557861)",pt,0.9422962665557861
4999,Vou passar o dia inteiro em casa ,"('pt', 0.998752236366272)",pt,0.998752236366272
5018,Se paro e me pergunto será que existe alguma razão pra viver assim se não estamos de verdade juntos,"('pt', 0.9862831830978394)",pt,0.9862831830978394
5022,Já volto,"('pt', 0.7015448808670044)",pt,0.7015448808670044
5024,Poxavidanego alissonrodolfo hmmmvini o que vc quer com esse ovos de codorna ai,"('pt', 0.6311343908309937)",pt,0.6311343908309937
5025,To com frio,"('pt', 0.5223742127418518)",pt,0.5223742127418518
5034,RBALLBOA poetafratello brecaute a cama tem que ser de concreto para aguentar,"('pt', 0.9178187251091003)",pt,0.9178187251091003
5035,Amanha náo sei se vou pra aula,"('pt', 0.8815135955810547)",pt,0.8815135955810547
5049,Vida de solteiro só é bom qnd você não gosta de ninguém ,"('pt', 0.9996262192726135)",pt,0.9996262192726135
5050,Tudo parado na Dutra aqui na baixada fluminense Francamente,"('pt', 0.7789419889450073)",pt,0.7789419889450073
5073,micheleschuck não sei se era eu emmm amiga yauahiahaua rimos pouco né  no brilho haha,"('pt', 0.9595616459846497)",pt,0.9595616459846497
5075,kadenspinelli kill em,"('pt', 0.9233572483062744)",pt,0.9233572483062744
5096,Dantas diz isso ta mais pra coador  Daantinhas,"('pt', 0.971356987953186)",pt,0.971356987953186
5105,Que sua vontade seja a nossaque ele nos julgue dignos de tal milagre ,"('pt', 0.9317547082901001)",pt,0.9317547082901001
5109,JokyJH SihamBroooks ok mais ta deco,"('pt', 0.676500678062439)",pt,0.676500678062439
5111,Vontade de beijar meu slc kkkk,"('pt', 0.6996884942054749)",pt,0.6996884942054749
5116,O seu sorriso é um paraíso onde contigo eu queria estar Ai quem me dera se eu fosse o céu você seria o meu luar ,"('pt', 0.9956720471382141)",pt,0.9956720471382141
5123,porrapaixao a vida é uma ilusão janeiro to indo pra Dublin,"('pt', 1.0000476837158203)",pt,1.0000476837158203
5127,Queria encher a cara e esquecer o amanhã,"('pt', 0.9168145656585693)",pt,0.9168145656585693
5129,Vou ter q fazer outro tt ,"('pt', 0.9836819767951965)",pt,0.9836819767951965
5134,A orgasmica a gira é super bonita ,"('pt', 0.9976773858070374)",pt,0.9976773858070374
5152,Vamos divulgar só não vê quem não quer httptcoeWTEeJVJ,"('pt', 0.996053159236908)",pt,0.996053159236908
5155,Boa noite,"('pt', 0.9570350050926208)",pt,0.9570350050926208
5160,guizao primeira vez e espero que seja a ultima,"('pt', 0.7936608791351318)",pt,0.7936608791351318
5175,Quero esse HÔMI da PretaGil já rsrs  gt httptcoTVosAc,"('pt', 0.5903797745704651)",pt,0.5903797745704651
5183,Quem sabe um dia vc pense diferente e enxergue todo esse amor na sua frente,"('pt', 0.9240787625312805)",pt,0.9240787625312805
5198,laradonatto falta muito ainda  ate la ja posso esta morto,"('pt', 0.9588898420333862)",pt,0.9588898420333862
5208,martinscathe ta com wpp já bebe ,"('pt', 0.8356378674507141)",pt,0.8356378674507141
5215,Millenesantos aqui na Grazi,"('pt', 0.6528291702270508)",pt,0.6528291702270508
5225,Só me apetece dormir a sério,"('pt', 0.8284295201301575)",pt,0.8284295201301575
5251,Uma hora a gente cansa e por fim desencanta,"('pt', 0.9349923133850098)",pt,0.9349923133850098
5257,lindokaaah nunca fui pra nenhuma das duas kkk,"('pt', 0.6072528958320618)",pt,0.6072528958320618
5268,E porque amor não gera amor,"('pt', 0.9896467328071594)",pt,0.9896467328071594
5285,Chaco campeão da Taça Brasil Que orgulho familia ChacoForever    Map Sports httptcoLdDwAiOM,"('pt', 0.9059051275253296)",pt,0.9059051275253296
5291,Essas meninas só zoeira kkk,"('pt', 0.6657892465591431)",pt,0.6657892465591431
5298,Ficar doente em semana de provaotimo,"('pt', 0.9148684144020081)",pt,0.9148684144020081
5312,Mari me chamou p uma festa a fantasia,"('pt', 0.9793054461479187)",pt,0.9793054461479187
5317,meu professor de matemática vai passar prova nos dois últimos dias de aula ele não pode foder minha vida assim desse jeito cara mds,"('pt', 0.9969979524612427)",pt,0.9969979524612427
5338,Amo muito tudo isso  Qna  httptcowwevlmPLj,"('pt', 0.9376531839370728)",pt,0.9376531839370728
5339,Letcia pior que as outras eu to com cara de cu,"('pt', 0.792479932308197)",pt,0.792479932308197
5342,Que reportagem ,"('pt', 0.9302112460136414)",pt,0.9302112460136414
5350,Tem dias que eu não preciso de palavras só de música,"('pt', 0.9941369295120239)",pt,0.9941369295120239
5354,não vejo a hora do meu not voltaar,"('pt', 0.9819248914718628)",pt,0.9819248914718628
5373,ricardoguimaa tenho umas f para te dar amor,"('pt', 0.9365574717521667)",pt,0.9365574717521667
5382,Eu n quero vê o mal  mas também não posso me esconder  pra mim viver nesse mundo  é mata p não morrer ,"('pt', 0.999695897102356)",pt,0.999695897102356
5383,quinta e sexta não tem aula graças a Deus MTVStars Justin Bieber,"('pt', 0.9992990493774414)",pt,0.9992990493774414
5394,anenubiaamor não tô inventando ,"('pt', 0.990839421749115)",pt,0.990839421749115
5403,Pq isso meu Deus ,"('pt', 0.9883280396461487)",pt,0.9883280396461487
5405,Eu definitivamente não gosto do horário de verão TeamJacquieBR ,"('pt', 0.9958409070968628)",pt,0.9958409070968628
5410,Vou ir p escola e vou dormir mt na aula,"('pt', 0.9580327868461609)",pt,0.9580327868461609
5421,meus problemas n se comparam com os teus eu sei isso é uma competiçao quer um balao ,"('pt', 0.9995040893554688)",pt,0.9995040893554688
5428,que eu vou ate la eu vou que eu pego o ônibus errado eu pego,"('pt', 0.9689102172851562)",pt,0.9689102172851562
5437,Eu só falo merda mano kk só groselha tenho dó de quem é obrigado a me ouvir,"('pt', 0.9778808951377869)",pt,0.9778808951377869
5444,Boa noite,"('pt', 0.9570350050926208)",pt,0.9570350050926208
5468,Queria saber qual o nome da música que a Ariana Grande cantou na apresentação do AMAs,"('pt', 0.9824393391609192)",pt,0.9824393391609192
5472,as vezes me vem umas ideias que eu acho que só eu tenho cipa sou meia dodói haha,"('pt', 0.9775792360305786)",pt,0.9775792360305786
5478,onedrewtogo whysojerk aaaaah  mas que tanto Vai estudar para a tua ufrgs ou lavar uma louça Ninguém mais tá falando Tchuss,"('pt', 0.955786406993866)",pt,0.955786406993866
5485,Amanhã partiu SP,"('pt', 0.8362311124801636)",pt,0.8362311124801636
5502,stylinstinto vai dormir criatura,"('pt', 0.5257464051246643)",pt,0.5257464051246643
5509,As pessoas acham q tem um direito de entrar e sair da minha vida quando querem quando bem entenderem Ta achando q essa porra é oq Puteiro,"('pt', 0.9989013075828552)",pt,0.9989013075828552
5513,Im at Universidade Nove de Julho UNINOVE  uninoveoficial in São Paulo SP httpstcoCxUogcGn,"('pt', 0.7744573950767517)",pt,0.7744573950767517
5525,Outros planos outra cor E se essa vibe nasceu em nós oh vibe melhor deixar crescer   Edifício… httptcoILJUbxA,"('pt', 0.976751983165741)",pt,0.976751983165741
5546,mchnee mas nao vai pode ter pao pronto nao ehn so farinha UU,"('pt', 0.9752746820449829)",pt,0.9752746820449829
5559,man pra que isso se ele pintou foi pq ele quis da licença  ,"('pt', 0.9985795021057129)",pt,0.9985795021057129
5577,LiveTimInternet recebi email anunciando a chegada de vcs no meu CEP mas quando tento contratar diz que ainda não está disponível,"('pt', 0.9957808256149292)",pt,0.9957808256149292
5584,Ela acho c,"('pt', 0.9993640184402466)",pt,0.9993640184402466
5605,Até de madrugada os cara fica de putaria de horario igual vai toma no grelo,"('pt', 0.8056055307388306)",pt,0.8056055307388306
5618,tragédia da vida é usar g,"('pt', 0.818511962890625)",pt,0.818511962890625
5628,já que os bico quer só trap punch line vem nas linha ,"('pt', 0.9550382494926453)",pt,0.9550382494926453
5635,Na ultima foram  litros de chopp nessa pediram  inicialmente ,"('pt', 0.6656403541564941)",pt,0.6656403541564941
5642,Que raiva chega a dar palpitação,"('pt', 0.9930682182312012)",pt,0.9930682182312012
5649,vi minhas bbs isasilvpaolamombellii e o cupujinho hoje queeeedu ,"('pt', 0.8206230998039246)",pt,0.8206230998039246
5693,Alguem quer de presente To dando  httptcomBgTnWcDNE,"('pt', 0.508675754070282)",pt,0.508675754070282
5698,Lembro que dançava com as minhas irmãs que nem uma doida,"('pt', 0.9973328113555908)",pt,0.9973328113555908
5700,estou super admiradíssima com os meus pais ultimamente estão tão queridos,"('pt', 0.9626174569129944)",pt,0.9626174569129944
5712,Quanto presente sem or ,"('pt', 0.860476553440094)",pt,0.860476553440094
5749,vc é a nossa inspiração pra nunca deixar de lutar e agradecer todos os dias por sermos pessoas sadias  StayStrongGiuliaFromSOSFam,"('pt', 0.987097978591919)",pt,0.987097978591919
5754,Não dormi até agr  tô virada desde ontem rs,"('pt', 0.9853456616401672)",pt,0.9853456616401672
5755,HAHAHAHA   nem chegou direito e eu ja to rindo dessa tua cara de otária,"('pt', 0.9051079154014587)",pt,0.9051079154014587
5764,Eu só queria que o tempo parasse nesse instante,"('pt', 0.9949804544448853)",pt,0.9949804544448853
5800,Nunca passei por isso foi mal galera kkkkkkkk,"('pt', 0.9750163555145264)",pt,0.9750163555145264
5803,Acordei bem dai lembrei que so tenho  dias de férias e agora quero morrer,"('pt', 0.8663231730461121)",pt,0.8663231730461121
5812,Acabei de encomendar a tal da santa fénFalando em fé a minha de fé brigou com a minha amante,"('pt', 0.9526078104972839)",pt,0.9526078104972839
5828,A Bea foi uma fofa hoje comigo  fizemos as pazes ,"('pt', 0.9998196959495544)",pt,0.9998196959495544
5835,Deixe bem guardado esse nosso amorr httptcoYMIpnIMJ,"('pt', 0.7741757035255432)",pt,0.7741757035255432
5836,doeu no coração ter comprado a fisheye    por  reais e dps ver na praia de  reais,"('pt', 0.8800709247589111)",pt,0.8800709247589111
5854,Ouvir musica e dps dormir so faltava uma coisa p ficar perfeito,"('pt', 0.9992703199386597)",pt,0.9992703199386597
5861,Cicinhods te mandei uma música no wpp p te ajudar a dormir kkkk,"('pt', 0.9926649928092957)",pt,0.9926649928092957
5872,bom que o papo flui como se a gnt nunca tivesse ficado tempos sem se falar ,"('pt', 0.8153279423713684)",pt,0.8153279423713684
5875,Que me deixaaa tranquilão,"('pt', 0.7907392978668213)",pt,0.7907392978668213
5882,Agora realmente sei o que eu quero fazer da vida,"('pt', 0.9753162860870361)",pt,0.9753162860870361
5892,Jo rpsp  Deus sempre haverá de nos envolver nos Seus milagres Creia e esteja preparado pra isto graça,"('pt', 0.7338520884513855)",pt,0.7338520884513855
5906,Engraçado os comentarios sobre o BBB aqui no twitter kkkkkkkkk,"('pt', 0.6925317049026489)",pt,0.6925317049026489
5911,Shadownothing alguém que mora em sp e não odeia obrigada senhor ,"('pt', 0.995430588722229)",pt,0.995430588722229
5913,luisavwlobato o meu brilho vc queeer,"('pt', 0.8493444323539734)",pt,0.8493444323539734
5930,Vcs podiam me chamar na dm ai eu passava meu número novo e assim vcs iriam me tirar do tédio ,"('pt', 0.801923394203186)",pt,0.801923394203186
5952,Marolinha ta aqui capotada no meu colo coisa mais linda da mãe,"('pt', 0.9953203201293945)",pt,0.9953203201293945
5960,karinabasttos Caraca miga da pra ver mesmo ,"('pt', 0.949801504611969)",pt,0.949801504611969
5961,Larisssssa quero falar contigo  chama no wpp,"('pt', 0.8809913992881775)",pt,0.8809913992881775
5973,Lauren e nosso filho httptcocNPjDDK,"('pt', 0.7627887725830078)",pt,0.7627887725830078
5985,Tanto jogador novo no Palmeiras,"('pt', 0.9270212054252625)",pt,0.9270212054252625
6009,Sem filtro porque não é necessário por aqui  Miami Florida httptcoltpLIIcusj,"('pt', 0.9894800186157227)",pt,0.9894800186157227
6012,BrunooPatricioo nao se pa nois se via na igreja também ne fofo,"('pt', 0.9277586936950684)",pt,0.9277586936950684
6013,Preciso ver TWD,"('pt', 0.7436838150024414)",pt,0.7436838150024414
6019,Estou ansiosa que os óculos cheguem são mm lindos,"('pt', 0.9533770680427551)",pt,0.9533770680427551
6037,To aqui com meu anjo ,"('pt', 0.9518888592720032)",pt,0.9518888592720032
6043,Ontem eu tava cantando umas música de TFM com juliano maria e todo mundo que passava ficava olhando,"('pt', 0.7075600028038025)",pt,0.7075600028038025
6048,Carai a boca da minha mãe não para pqpó mulherzinha q fala,"('pt', 0.9992451071739197)",pt,0.9992451071739197
6059,Vamos Vinotinto,"('pt', 0.8598087430000305)",pt,0.8598087430000305
6066,Não entendo o metabolismo dessas pessoas q comem mt e não engordamme ensinem essa macumba,"('pt', 0.9941754937171936)",pt,0.9941754937171936
6071,Pq eu só me fodo com ele,"('pt', 0.9859391450881958)",pt,0.9859391450881958
6074,Meu padrasto fala q n gosta da minha comida  mas quase morre comendo kkk,"('pt', 0.9643880128860474)",pt,0.9643880128860474
6090,hemmizades não tem problema não,"('pt', 0.9994546175003052)",pt,0.9994546175003052
6106,Segundafeira e terçafeira os cinemas vão funcionar Vão neh,"('pt', 0.7641598582267761)",pt,0.7641598582267761
6111,Leo bêbado é o melhor kkkk,"('pt', 0.9984186291694641)",pt,0.9984186291694641
6112,Odeio que me questione ba,"('pt', 0.8025315403938293)",pt,0.8025315403938293
6119,Eu e a prima curtindo Fundo de Quintal e Jorge Aragão no Marco Zero Detalhe que Barcos Pirata também… httptcocfYXowqjMq,"('pt', 0.9709622859954834)",pt,0.9709622859954834
6123,GustavoBorba ai em transe,"('pt', 0.9862043857574463)",pt,0.9862043857574463
6126,Ontem eu estava impossivel  mds ,"('pt', 0.8995568752288818)",pt,0.8995568752288818
6131,Os melhores filmes de terror e os que dão mais medo são os baseados em fatos reais,"('pt', 0.9844449758529663)",pt,0.9844449758529663
6132,Aiii quero maio logoo,"('pt', 0.9173057079315186)",pt,0.9173057079315186
6135,A parte difícil não é ficar sem e sim esquecer ,"('pt', 0.9995788335800171)",pt,0.9995788335800171
6137,Buscar minha linda no trampo,"('pt', 0.9906283020973206)",pt,0.9906283020973206
6139,maspoxarobs my princess divarainha  majestosa dona do meu coração  hauahua,"('pt', 0.8927280902862549)",pt,0.8927280902862549
6148,Mas não pra quem fica,"('pt', 0.9992987513542175)",pt,0.9992987513542175
6150,Quero namorar alguém  Tive um sonho tão ,"('pt', 0.9914374947547913)",pt,0.9914374947547913
6156,geovanitaanjos kkkkkk não vai conseguir ,"('pt', 0.9359703063964844)",pt,0.9359703063964844
6163,Essa nova Panicat meu Deus ,"('pt', 0.8599631786346436)",pt,0.8599631786346436
6167,Devo estar maluco pq so digo merda,"('pt', 0.5167022943496704)",pt,0.5167022943496704
6169,Pouca Gente sabe mas sou dono da página do Clube Atlético Taboão da Serra,"('pt', 0.7523108720779419)",pt,0.7523108720779419
6170,Só Jesus  e meia de uma semana já vim ao medico  vezes ,"('pt', 0.9962886571884155)",pt,0.9962886571884155
6177,Aí coração vai com calma pra não se atrasar,"('pt', 0.9994560480117798)",pt,0.9994560480117798
6185,Pedir seu beijo é muito,"('pt', 0.9964537024497986)",pt,0.9964537024497986
6189,Vejo umas coisas no livro e logo venho pro twitter kkk,"('pt', 0.8524176478385925)",pt,0.8524176478385925
6191,Vamos,"('pt', 0.9582071304321289)",pt,0.9582071304321289
6194,Estou rindo como se não houvesse o amanhã ,"('pt', 0.999790608882904)",pt,0.999790608882904
6226,Cheguei na escola,"('pt', 0.8768343925476074)",pt,0.8768343925476074
6229,A nossa hora vai ser outra não adianta bater cabeça,"('pt', 0.9988892674446106)",pt,0.9988892674446106
6230,Lucchesidf Gabriel sou muito sua fã  Meu sonho é você me seguir para nós conversarmos Seu canal tem um ótimo conteúdo Conte comigo ,"('pt', 0.9995040893554688)",pt,0.9995040893554688
6231,RT ANGELL Eu queria que o Fernando fosse esse jogador aí da Globo mas ele é só burrão feat covarde,"('pt', 0.9961203932762146)",pt,0.9961203932762146
6232,Ela segurava sua mão pra aprender a andar agora q ela anda por aí adivinha ql mão que ela qr segurar,"('pt', 0.9908668398857117)",pt,0.9908668398857117
6234,maferocha deixa a vida me levar  Vida leva eu sou feliz e agradeço pela vida Deus me deu kkkkk,"('pt', 0.9589959979057312)",pt,0.9589959979057312
6236,Esse amor que nasceu em mimnParece até coisa de filme mas não é é assim Você resgatou o que teve um fim ,"('pt', 0.9998223781585693)",pt,0.9998223781585693
6238,oliveirasge ele tinha dito em  q o fato d estarmos eliminados nesse jogo ia ser forma d ver futuros jogadores  merecemos so pd,"('pt', 0.9835026264190674)",pt,0.9835026264190674
6239,Encontrei o inferno ao descobrir o céu,"('pt', 0.9169740676879883)",pt,0.9169740676879883
6259,QueroNoTVZ É Você  Sophia httptcodYHhEzL,"('pt', 0.9347737431526184)",pt,0.9347737431526184
6275,Príncipe e eu fizemos uma aposta ,"('pt', 0.9984077215194702)",pt,0.9984077215194702
6282,Danielcrfs não acredito que vc me deixou de novo kkkkk,"('pt', 0.9873701930046082)",pt,0.9873701930046082
6288,carlacurtyy desenha mais ta pouco,"('pt', 0.9658985137939453)",pt,0.9658985137939453
6291,hoje dei um mau jeito no ombro ,"('pt', 0.9877368807792664)",pt,0.9877368807792664
6292,Esse time do Criciúma é uma lástima no jogo aéreo,"('pt', 1.0000027418136597)",pt,1.0000027418136597
6300,Saudades falar com alguem todos os dias o dia inteiro sem enjoar,"('pt', 0.9246746897697449)",pt,0.9246746897697449
6307,Porque elas  de preto ali me lembro ahs temp,"('pt', 0.7096828818321228)",pt,0.7096828818321228
6317,Joao me acordo com tanto dengo que hj vou fica mole o dia todo,"('pt', 0.7168203592300415)",pt,0.7168203592300415
6323,O negócio é o seguinte ninguém é amigo de ninguém,"('pt', 0.988944411277771)",pt,0.988944411277771
6329,qissouiu já disse que é seu tobaaaa,"('pt', 0.9472774863243103)",pt,0.9472774863243103
6368,weirdcashew omagá vou até lermorrendo de curiosidade,"('pt', 0.970493495464325)",pt,0.970493495464325
6369,Depois de  meses de molho em casa hj estou na social com os parça,"('pt', 0.9627451300621033)",pt,0.9627451300621033
6385,Uma empregada me amando smp Vou chamar o cotonete msm  httptcoqfEJSpZtb,"('pt', 0.5996425151824951)",pt,0.5996425151824951
6396,Nem tem o que comentar,"('pt', 0.9223930239677429)",pt,0.9223930239677429
6407,preguiça de arrumar cabelo deus,"('pt', 0.7280948162078857)",pt,0.7280948162078857
6421,Beijo na boca a noite inteira to dentro Rs,"('pt', 0.8649491667747498)",pt,0.8649491667747498
6429,E de fato aconteceutá louco,"('pt', 0.811103343963623)",pt,0.811103343963623
6433,o cabelo do cara do the voice é maravilhosoo,"('pt', 0.9655864238739014)",pt,0.9655864238739014
6440,Se eu te emprestar meu fone na boa me ame,"('pt', 0.8549266457557678)",pt,0.8549266457557678
6441,swagnitta anitta levou aperitivos para os repórteres que estão cobrindo o lado de fora da festa que mulher surreal ,"('pt', 0.9101120829582214)",pt,0.9101120829582214
6447,Não acredito que dei  reais num cabo p carregar UM CABO,"('pt', 0.9785012602806091)",pt,0.9785012602806091
6449,bbb pura marmelada e eu ainda me presto pra ver afff,"('pt', 0.9546043276786804)",pt,0.9546043276786804
6460,se eu matar esse ser vai contar como salvar a humanidade e não assassinato,"('pt', 0.9996112585067749)",pt,0.9996112585067749
6465,Não cnsg dormir ,"('pt', 0.9963065385818481)",pt,0.9963065385818481
6468,Ah não isso ta muito cedo,"('pt', 0.9998058080673218)",pt,0.9998058080673218
6508,Quer saber  Palmas pra você                Você merece o título de pior homem do mundo ,"('pt', 0.9977216124534607)",pt,0.9977216124534607
6515,Belo dia para tomar pau no exame de direção,"('pt', 0.9984514713287354)",pt,0.9984514713287354
6516,Sobre as provas de hoje me lasqueeei,"('pt', 0.7459235191345215)",pt,0.7459235191345215
6522,não sou nem baú pra fica guardando as coisas marrapaz,"('pt', 0.97939532995224)",pt,0.97939532995224
6525,Essa mina não tem semancol kkkkkk coitada,"('pt', 0.9904731512069702)",pt,0.9904731512069702
6540,Vou passar a mudar com as pessoas,"('pt', 0.962065577507019)",pt,0.962065577507019
6542,Meu namorado é demais mesmo ,"('pt', 0.9959022402763367)",pt,0.9959022402763367
6548,To mais desejado do que nota de  testado e aprovado to mandando bem,"('pt', 0.9010780453681946)",pt,0.9010780453681946
6549,Tenho que ir pra academia,"('pt', 0.9091054201126099)",pt,0.9091054201126099
6561,Vou fazer ° e ° na etg,"('pt', 0.925957441329956)",pt,0.925957441329956
6570,Peguei o casaco do kammer e fico o cheiro dele em mim  se a vó sente vai grita cmg o resto da tarde,"('pt', 0.9601801037788391)",pt,0.9601801037788391
6571,Das coisas que eu odeio ficar sozinha em casa c chuva,"('pt', 0.9823814630508423)",pt,0.9823814630508423
6577,SOCORRO ME SEGUREM QUE MEU LADO NERDFODÃO VOLTOU o,"('pt', 0.9782875776290894)",pt,0.9782875776290894
6583,Estou in love c o namo da Vilma ,"('pt', 0.981831967830658)",pt,0.981831967830658
6598,Cheguei em ,"('pt', 0.9997836351394653)",pt,0.9997836351394653
6601,meu core n aguenta alwaystokie,"('pt', 0.6745239496231079)",pt,0.6745239496231079
6603,Hoje vamos fazer um peddypaper na vila de sintra,"('pt', 0.9610435366630554)",pt,0.9610435366630554
6606,VittSr  pra trouxa eu nao sirvo,"('pt', 0.7209479212760925)",pt,0.7209479212760925
6607,KRIMINOSA pq eu leio mentes ,"('pt', 0.9553168416023254)",pt,0.9553168416023254
6611,E a coisa mais divinanQue há no mundonÉ viver cada segundonComo nunca mais… Vinicius de Moraes… httpstcoOZplvwmqe,"('pt', 0.7581166625022888)",pt,0.7581166625022888
6612,Sinceramente o que eu faço realmente aqui Nada,"('pt', 0.9581268429756165)",pt,0.9581268429756165
6638,EU QUERO PASSAR A MÃO NO CABELO DELE EU PRECISO NECESSITO askbelieberltltltltltlt,"('pt', 0.7564470171928406)",pt,0.7564470171928406
6641,Saudades da Dinda andrezzadovalle ,"('pt', 0.5765503644943237)",pt,0.5765503644943237
6657,oliveiravane só lembro disso bem na minha frente e da hayley me olhando lt,"('pt', 0.9548874497413635)",pt,0.9548874497413635
6662,Eu agora vou ter que passar tudo a limpo,"('pt', 0.9978019595146179)",pt,0.9978019595146179
6669,Entrego a ele o controle de tudo e confio em seus planos pois são perfeitos em sua palavra pois é fiel e em seu amor que é infinito ,"('pt', 0.9995622038841248)",pt,0.9995622038841248
6676,Craudinha mais eu te amo e você sabe minhas intençõessss,"('pt', 0.9989292025566101)",pt,0.9989292025566101
6690,São certos detalhes Luansantana  Dê um Like  httpstcokOttINRmnT,"('pt', 0.7705286741256714)",pt,0.7705286741256714
6722,Quem ta aí vivo e alegre,"('pt', 0.848487913608551)",pt,0.848487913608551
6723,nego acha q eu n sei das coisas,"('pt', 0.8835744857788086)",pt,0.8835744857788086
6729,A ivetesangalo é tão gente como a gente Posta uma foto dessa e eu morro de rir rainha httptcoEruJiasZ,"('pt', 0.9852272272109985)",pt,0.9852272272109985
6731,vinicinserafim ok então migo ,"('pt', 0.7470173239707947)",pt,0.7470173239707947
6745,e essa mania de chamar os outros de bebê,"('pt', 0.8664968013763428)",pt,0.8664968013763428
6748,Fala sério É muita classe pra colocar um chopp na tulipa ParabénsPraMim OdeioEspuma FreeMerchan… httpstcodkWqRrMc,"('pt', 0.8420035243034363)",pt,0.8420035243034363
6754,Somos movidos por vingança em nome da justiça em um ciclo de ódio que não nunca termina Nagato ei busca a paz também ,"('pt', 0.9983839988708496)",pt,0.9983839988708496
6759,Amnhã botar meu pirncing,"('pt', 0.7233505249023438)",pt,0.7233505249023438
6761,Estive a chorar a falar com o meu pai por web está cada vez mais lindo aquele homem e as saudades são cada vez maiores ,"('pt', 0.8971717357635498)",pt,0.8971717357635498
6787,só peço um namoradinho que me der chocolate,"('pt', 0.9473332166671753)",pt,0.9473332166671753
6798,Vamos fugirnProutro lugar babynVamos fugirnPronde quer que você vánQue você me carregue … httpstcoRFgyktMemE,"('pt', 0.9755052328109741)",pt,0.9755052328109741
6805,Pelo amor aqui não é o seu lugarhonra sua cor vai roubar vai traficar,"('pt', 0.9981300830841064)",pt,0.9981300830841064
6815,cintiammv como ouvir aquela música do Luan Santa e não lembrar de vc Que câncer kkkkkk,"('pt', 0.9865064024925232)",pt,0.9865064024925232
6824,Conhecendo a loja incrível da philipperamon Muito obrigada pela recepção e pelos presentes lindos… httpstcomxKSZzb,"('pt', 0.9511459469795227)",pt,0.9511459469795227
6830,Preparando bife de LombonComidaMineira UaiFood BomDemaisDaConta BomDia CasaDaMamãe MG… httpstcoIdbOqx,"('pt', 0.6206839084625244)",pt,0.6206839084625244
6838,Mal  Mansão Cabreira in Viamão RS httpstcogiscflSOdp,"('pt', 0.6319049596786499)",pt,0.6319049596786499
6874,Esse final de semana foi muito bom,"('pt', 0.9993821382522583)",pt,0.9993821382522583
6878,Uuuh eu fico com raivaa com umas coisas dessa ,"('pt', 0.8278475403785706)",pt,0.8278475403785706
6897,DaraSiilva MariaLFerreira hahahaha tipo isso ,"('pt', 0.8945770263671875)",pt,0.8945770263671875
6902,Um dos melhores prazeres da vida é fazer aquilo que um dia disseram que você não seria capaz,"('pt', 0.9995120167732239)",pt,0.9995120167732239
6910,o meu irmao tem foto dele no Extrenato Calimero e eu não encontro a minha,"('pt', 0.997555136680603)",pt,0.997555136680603
6912,Acabei de publicar uma foto  Shopping Light httpstcoCQzoUztge,"('pt', 0.6970964670181274)",pt,0.6970964670181274
6913,Acabou de publicar uma foto  Bar do guga FIG httpstcocCnnzkGJ,"('pt', 0.8902069926261902)",pt,0.8902069926261902
6934,Sonhei com você e acordei com uma saudade boa ,"('pt', 0.9999348521232605)",pt,0.9999348521232605
6935,Oii minha paixão Eu já disse que você é lindo né rs E que é um prazer grandioso ser sua esposa Que… httpstcoklVBhiimLj,"('pt', 0.9960246682167053)",pt,0.9960246682167053
6968,Sobre o show do backstreet boys no Brasil nem queria ir mesmo,"('pt', 0.726239025592804)",pt,0.726239025592804
6982,Nem me incarno nessas festinhas aqui,"('pt', 0.7466716766357422)",pt,0.7466716766357422
6989,Sem palavras para esse time   Classificamos Playoffs GoGators  Centro Olímpico UnB httpstcoffomTEFeE,"('pt', 0.7108248472213745)",pt,0.7108248472213745
7004,marceloprado nada é tão ruim que não possa piorar,"('pt', 0.999515950679779)",pt,0.999515950679779
7020,Ontem no cultofe de Fortaleza com pastor andrevaladao ao lado do meu chapa jullioallvesrBênção de… httpstcoIsWqIlMZ,"('pt', 0.8761640191078186)",pt,0.8761640191078186
7021,larrybussola não estava sozinha eu sei baby vou amanhã,"('pt', 0.9979327321052551)",pt,0.9979327321052551
7037,Odeio acordar com meu celular tocando ainda mais quando eh da tim Que sacoooo,"('pt', 0.9906877279281616)",pt,0.9906877279281616
7084,Hoje é quartafeira hoje é dia Dia de Adorar ao Senhor Deus   Basílica Santuário de Nazaré in Belém PA httpstcoHcPzUK,"('pt', 0.9532992243766785)",pt,0.9532992243766785
7090,Agora cê tai de camarote e eu bebendo gela tomando ciroc curtindo na balada só dando virote e você… httpstcohWqqtEt,"('pt', 0.9117900729179382)",pt,0.9117900729179382
7095,Sei que o mundo gira e em uma dessas voltas a gente se esbarra e continua nossa história ,"('pt', 0.9927513003349304)",pt,0.9927513003349304
7127,aí a dp q traz serviço p minha mãe SOBE AQUI COM UMA CIGARRO ACESSO,"('pt', 0.989047110080719)",pt,0.989047110080719
7163,Quando duas pessoas se conhecem em uma situação perigosaa tendência é que elas se apaixonem foiovini aquela aula devia se da M Eugênia,"('pt', 0.9987741708755493)",pt,0.9987741708755493
7183,Tudo posso Naquele que me fortalece Obrigado por mais um dia  casa de vovo Eunice httpstcooKkZpqVj,"('pt', 0.8598293662071228)",pt,0.8598293662071228
7215,Acabou de publicar uma foto  Grajau httpstcoPlDufxlJw,"('pt', 0.7860387563705444)",pt,0.7860387563705444
7244,A cara da Angel vendo o Alex e a mãe se beijarem é ótima,"('pt', 0.98996901512146)",pt,0.98996901512146
7248,Aproveitando minha semaninha de fériasnSemana que vem começa tudo de… httpstcoIFSThTzT,"('pt', 0.842179536819458)",pt,0.842179536819458
7262,Força TarefaTrabalho Apoio da Sociedade junto as solicitações  deltanmd e MPFPGR   Milhão de Assinaturas  httptconOSaaHWCO,"('pt', 0.9690388441085815)",pt,0.9690388441085815
7290,Quando vejo um boy mt gato httptcoiiRMLeLQ,"('pt', 0.8171469569206238)",pt,0.8171469569206238
7293,nunca faça planos gnt criar expectativas é uma merda,"('pt', 0.9993612766265869)",pt,0.9993612766265869
7309,Eh tão louco,"('pt', 0.9827814698219299)",pt,0.9827814698219299
7316,camilafollowmetonarnia Se eu fosse um clone la Lauren ela ja teria me seguido mil vezes camilacabello,"('pt', 0.8993995785713196)",pt,0.8993995785713196
7322,td tentando arrumar tempo p fazer td que quero hoje,"('pt', 0.9696782231330872)",pt,0.9696782231330872
7331,Se ou a Fernanda ou a Eduarda estiverem lendo este tweet não continuem a me stalkear por favor minha vida ta aqui nesse tt obrigada,"('pt', 0.9770402312278748)",pt,0.9770402312278748
7398,southbistrobar  Meu querido mês de agosto  BistroBar Nazaré FériasdeVerão httptcoskXCsKihl Sacavém lisboa,"('pt', 0.8146845102310181)",pt,0.8146845102310181
7420,Novinha ta demais ,"('pt', 0.8277273178100586)",pt,0.8277273178100586
7437, Sou uma mistura de nSafadeza  nTimidez  nRomantismo  nIdiotice ,"('pt', 0.9974315762519836)",pt,0.9974315762519836
7454,Im at casa da minha sogrinha httpstcooltzbGXvO,"('pt', 0.6849022507667542)",pt,0.6849022507667542
7511,Como é gostoso vê seu sorriso mamãebabona minhagatinha minhaprincesa… httpstcompQoqZms,"('pt', 0.9634997248649597)",pt,0.9634997248649597
7557,alguém me pode salvar da minha turma,"('pt', 0.9987094402313232)",pt,0.9987094402313232
7564,Ainda tira visualização  ta certinho filhão continua assim ,"('pt', 0.9924414753913879)",pt,0.9924414753913879
7715,Senta em mim kika em mim joga a boneca em mim ,"('pt', 0.9965225458145142)",pt,0.9965225458145142
7731,Eu fui é dormir ontem,"('pt', 0.9980544447898865)",pt,0.9980544447898865
7748,g vimeo vcs também,"('pt', 0.9962233304977417)",pt,0.9962233304977417
7757,diogopias amanhã tenho o dia livre,"('pt', 0.9221847653388977)",pt,0.9221847653388977
7774,Na porta da festa Aí sim  Casa da Mãe Joana httpstcoNmBooJOH,"('pt', 0.5237905979156494)",pt,0.5237905979156494
7783,esses fãs de lm ficam mais preocupados em dizer que lm pisa em h do que divulgar single das idolas zzz,"('pt', 0.9024515151977539)",pt,0.9024515151977539
7791,bom dia,"('pt', 0.561508059501648)",pt,0.561508059501648
7835,To mosquiando aqui,"('pt', 0.8319205045700073)",pt,0.8319205045700073
7839,A palavra diz Maldito homem que confia no homem Como faz sentido,"('pt', 0.9811367988586426)",pt,0.9811367988586426
7840,Agora que eu fui ver que um dos meus últimos retweets tinham sido sobre a dança do pezinho dança que caiu pra nós Hahaha esse destino,"('pt', 0.8343035578727722)",pt,0.8343035578727722
7866,Eu vou te pegar daquele jeito,"('pt', 0.9980862140655518)",pt,0.9980862140655518
7910,Eh eu adoro igrejas sem duvida que é freira que eu quero ser no futuro,"('pt', 0.9514899849891663)",pt,0.9514899849891663
7912,Você que tá aí parado cansado e sem disposição pra nada Eu tenho a solução para os seus problemas… httpstcoUKujUATk,"('pt', 0.992877185344696)",pt,0.992877185344696
7914,Feliz niver amiga linda do meu coração perdoa essa sua amiga desnaturada… httpstcoluyCCylGfN,"('pt', 0.9242398738861084)",pt,0.9242398738861084
7938,Hoje e domingo são dois dias muito importantes Vamos fazer uma prova longa e desafiadora Foram… httpstcoxhVdmphC,"('pt', 0.985944926738739)",pt,0.985944926738739
7947,dois dias atras tava rolando aquela tag meu primeiro assedio e hoje o tema foi violencia contra a mulher GirlPower,"('pt', 0.9771881103515625)",pt,0.9771881103515625
7970,Atenção galera Daqui a  hora e  minutos tem o novo promocional do playboy Todo mundo ligado… httpstcoFbmtLYz,"('pt', 0.8182497620582581)",pt,0.8182497620582581
7985,Im at Aeroporto Internacional do Rio de Janeiro  Galeão GIG  riogaleao in Ilha Do Governador RJ w jadestrac httpstcovQQKNsINIn,"('pt', 0.5467723608016968)",pt,0.5467723608016968
8019,h  Alan Vc não tem coraçãonh  Natália Flores e Jardins vc é um pedaço de pedra q caiu do caminhão de brita,"('pt', 0.9989044666290283)",pt,0.9989044666290283
8120,Meu caro Drummond seu velho poema tornouse realidadenUm poema que parece ter sido escrito agora… httpstcorvCBlfdhs,"('pt', 0.6857791543006897)",pt,0.6857791543006897
8160,O CaoChupandoManga é para os fracos agora a moda é o CaoComendoBanana Kelsey e sua fome noturna… httpstcoHXQhJVoF,"('pt', 0.9895157217979431)",pt,0.9895157217979431
8211,Ontem formatura de Nanda  agora Dra  famaliarc a mais nova médica da família  Wet Wind httpstcoQxTSUUx,"('pt', 0.6545294523239136)",pt,0.6545294523239136
8225,No caminho que há à nossa frente dia a dia a mudança chegará em breve Avicii Silhouette … httpstcocEWbxAVoo,"('pt', 0.7885839343070984)",pt,0.7885839343070984
8228,Muito mais que um avô é um pai e amigo Te amo mais que tudo  Grajaú Bairro httpstcobUUDobUzF,"('pt', 0.9773761630058289)",pt,0.9773761630058289
8233,Eu te prometo cada batida do meu coração prometo problemas mas nunca sen solução,"('pt', 0.9982799291610718)",pt,0.9982799291610718
8247,Em Salvador com meu irmão Maestro sapocn nMissãoSSC na Paróquia Nossa Senhora da Conceição … httpstcoNxGoZCP,"('pt', 0.9647201299667358)",pt,0.9647201299667358
8281,Quanto tempo q mão via,"('pt', 0.9221800565719604)",pt,0.9221800565719604
8328,Sentar em um cactos tu não quer né,"('pt', 0.9989272356033325)",pt,0.9989272356033325
8346,Não abuse da paciência que eu não tenho,"('pt', 0.9988493323326111)",pt,0.9988493323326111
8350,A princípio de tudo quando resolvi fazer uma mudança geral na minha rotina muitos desacreditaram… httpstcoApRmNvex,"('pt', 0.9836636185646057)",pt,0.9836636185646057
8475,Aquele velho é lesado demais não conseguia nem falar pqp,"('pt', 0.9990183711051941)",pt,0.9990183711051941
8485,Estamos na praia e não trouxemos bagagem   Praia De Caioba httpstcoGnYCcCuvL,"('pt', 0.9680904746055603)",pt,0.9680904746055603
8488,Im at Sede  Expressão Junina in Fortaleza Ceará httpstcojVRMmHah,"('pt', 0.6170800924301147)",pt,0.6170800924301147
8500,Nossa esse ano eu vou ter que me alistar,"('pt', 0.9737711548805237)",pt,0.9737711548805237
8517,Im at LEQ  Laboratório de Engenharia Química UFPA httpstcoZhQYuVP,"('pt', 0.6406152844429016)",pt,0.6406152844429016
8520,Im at Astercom Telecomunicações httpstcoiNrloX,"('pt', 0.7761580944061279)",pt,0.7761580944061279
8541,Se a vida desistir de você simplesmente sorria e diga que seu Deus nunca desistiránnBom… httpstcokimcvxTm,"('pt', 0.8484994769096375)",pt,0.8484994769096375
8561,Mas lembra que saúde é ser feliz então vai   Praia Martim de… httpstcoyIIUNez,"('pt', 0.9419406652450562)",pt,0.9419406652450562
8634,Poucos para ajudar muitos para atrapalhar,"('pt', 0.9917566776275635)",pt,0.9917566776275635
8638,Acabamos de receber em CD e VINYL a trilha do filme do NWA STRAIGHT OUTTA COMPTON… httpstcoEMjambekr,"('pt', 0.881343424320221)",pt,0.881343424320221
8651,Nay na minha TL lt,"('pt', 0.9507278203964233)",pt,0.9507278203964233
8655,Que calor,"('pt', 0.7269649505615234)",pt,0.7269649505615234
8679,tava no banho EtaMundoBom,"('pt', 0.6561797261238098)",pt,0.6561797261238098
8680,Cheguei da Igreja ,"('pt', 0.9601233005523682)",pt,0.9601233005523682
8701, NÃO HÁ AULASn QuerQueOSportingSeFodan bilhoesDePessoasEn Shawnn Rihannann  WET trndnl httpstcouLzQlByvJf,"('pt', 0.5252664089202881)",pt,0.5252664089202881
8753,Que mais passeios assim aconteçam que mais risadas e conversas… httpstcoSiFNcWOx,"('pt', 0.9171907305717468)",pt,0.9171907305717468
8772,Vamos brincar de teatro O seu papel é me beijar ,"('pt', 0.9599707722663879)",pt,0.9599707722663879
8778,Que paso aca,"('pt', 0.7269649505615234)",pt,0.7269649505615234
8819,Estou em Peixada da Hora em Lagoa Grande PE com allencarlimma coelhosaan srubenssantos httpstcoZZcyIArr,"('pt', 0.8885095119476318)",pt,0.8885095119476318
8893,Que tal perder peso e ainda dar aquela definida nnAo contrário do que muitos pensão esse combo… httpstcobSTMHtEC,"('pt', 0.9541202783584595)",pt,0.9541202783584595
8927,Aqui é das antigas IrmaDeOutraMae  Itamira Bahia Brazil httpstcowmeHLlie,"('pt', 0.5921062231063843)",pt,0.5921062231063843
8933,Sábado não para  Greenlife Academias in Fortaleza CE httpstcoyyxNgBM,"('pt', 0.9140225052833557)",pt,0.9140225052833557
8967,Greve III Tô lascado não formo NUNCA,"('pt', 0.9998884797096252)",pt,0.9998884797096252
8993,Porra que foda esse conjunto da nike que eu vi vou lançar nmrl,"('pt', 0.874205470085144)",pt,0.874205470085144
9022,mnh mãe ta com whats novamente,"('pt', 0.9790879487991333)",pt,0.9790879487991333
9044,Que linda Neymar,"('pt', 0.7269649505615234)",pt,0.7269649505615234
9086,Oh novinha oh novinha cê é tudo de bomm ,"('pt', 0.9963698983192444)",pt,0.9963698983192444
9096,Boa Noiteeeeeeee porque tenho que acordar,"('pt', 0.7962474226951599)",pt,0.7962474226951599
9194,vedoyeduardo nossa uma delicia Lembranças do mato grosso hein Du kkkkk,"('pt', 0.924557089805603)",pt,0.924557089805603
9206,Recem começo só quem é da antiga kkkkkkk irmaos fechamento coisaLinda jp  kkkkk é… httpstcoEIpdFH,"('pt', 0.8787232637405396)",pt,0.8787232637405396
9221,Queria estar dormindo,"('pt', 0.5244315266609192)",pt,0.5244315266609192
9245,Velhas amizadestempos bonsnComo não ser feliz Alcides e Fernando httpstcoDaUIHKMfF,"('pt', 0.9393407106399536)",pt,0.9393407106399536
9247,Ja tha no vício,"('pt', 0.8424989581108093)",pt,0.8424989581108093
9265,Pior que eu sinto falta,"('pt', 0.7886015176773071)",pt,0.7886015176773071
9300,Eles criticam Porque criticar é mais fácil do que fazer melhor … httpstcoFoZmxZb,"('pt', 0.9944142699241638)",pt,0.9944142699241638
9327,Amores da minha vida ObrigadaDeus tardelinda amomuitotudoisso   Shopping Tijuca httpstcoEAQjlEePj,"('pt', 0.7639366388320923)",pt,0.7639366388320923
9329,Que toda pessoa que não me quer bem encontre a paz o amor e a alegria de viver E assim… httpstcoyDsDlU,"('pt', 0.96305912733078)",pt,0.96305912733078
9333,laribernardesc Muita sacanagem puta q pariu,"('pt', 0.9238496422767639)",pt,0.9238496422767639
9368,tbt registros de uma louca noite dessas qualquer   Mavs Pub httpstcoPLGfYepEk,"('pt', 0.875612199306488)",pt,0.875612199306488
9409,Vamos Sacudir Nessa Manhã de QuartaFeiraManda Um Alô Pra Mim e Pras Amigas da Jaula Com… httpstcovhBzrZvhV,"('pt', 0.597312867641449)",pt,0.597312867641449
9412,marcellorodrigs não curti esse tweet p nada vamo lá,"('pt', 0.9836720824241638)",pt,0.9836720824241638
9413,Happy hour maravilhoso  Associação Comercial e Industrial de Itupeva httpstcoMVgkpUghNa,"('pt', 0.6617181897163391)",pt,0.6617181897163391
9428,só me deu mais vontade de encher todos eles de porrada ate a morte,"('pt', 0.9374451041221619)",pt,0.9374451041221619
9496,Graças a você eu sou mais coração   Osasco Sao Paulo httpstcosVaPp,"('pt', 0.9873283505439758)",pt,0.9873283505439758
9526,unidos por um grande amor família rapaziada… httpstcoPKOkruUOT,"('pt', 0.7968966364860535)",pt,0.7968966364860535
9527,Bom dia meus amigos aqui vai uma super dica eu recomendo e já fui várias vezes lá e vou… httpstcohBgsoIre,"('pt', 0.9694885611534119)",pt,0.9694885611534119
9561,Just posted a photo  Escola Centro Comunitário Jacundá httpstcoNycqJhyRS,"('pt', 0.6155005097389221)",pt,0.6155005097389221
9588,Que massa,"('pt', 0.8053535223007202)",pt,0.8053535223007202
9604,Torta de batatas recheada com muçarela e presunto gratinada com queijo provolone uma s taça… httpstcotjtvRMCVo,"('pt', 0.9297561049461365)",pt,0.9297561049461365
9642,Nasmaste pra vc tbm hahahah sobre ontemhoje top de mais  friends party selfie  Raposo… httpstcowVRWerVJ,"('pt', 0.5979175567626953)",pt,0.5979175567626953
9654,Meu maior defeito acho que é o orgulho serio mesmo perdi amigos e amores por causa disso,"('pt', 0.9912228584289551)",pt,0.9912228584289551
9663, e eu dando conselho amoroso,"('pt', 0.9111420512199402)",pt,0.9111420512199402
9674,Pra ver qual foii,"('pt', 0.7053667306900024)",pt,0.7053667306900024
9684,Dizem que é minha babá okay Prosseguimosnnvoltafrederico… httpstcoKGumcUf,"('pt', 0.9165767431259155)",pt,0.9165767431259155
9715,Bem isso mesmo  nfrases ficaadica franchising franquia in gmbf vempracapacitamais… httpstcoiPcqZDMrC,"('pt', 0.5316205024719238)",pt,0.5316205024719238
9774,Logo cedo acordei antes do sol nascer deixo o sono pra… httpstcogcxtnChA,"('pt', 0.7624789476394653)",pt,0.7624789476394653
9813,Deus no comando hoje e sempre  Natal Brazil httpstcoviMhuZJPhe,"('pt', 0.5367043614387512)",pt,0.5367043614387512
9873,Começo de noite nnetflix sky filmeseseries… httpstcowkvDyorTg,"('pt', 0.6841553449630737)",pt,0.6841553449630737
9896,Depois de escalar um morro do tamanho do paodeacucar nada como me despedir do dia onde consigo… httpstcoVJRdAuFTt,"('pt', 0.8420653343200684)",pt,0.8420653343200684
9907,Kelly Nascimento mais um ano de vida Mais um ano de aprendizado e experiências mais um ano… httpstcoQOosCieGJV,"('pt', 0.9834979176521301)",pt,0.9834979176521301
9913,Boa noite amigosnSintamse convidados a presenciar o I… httpstcoQdxfadrwi,"('pt', 0.6018215417861938)",pt,0.6018215417861938
9915,um não desejo o mal pra ngm mas quando me irrita o futuro pior do mundo e desejo pra pessoa,"('pt', 0.9899256825447083)",pt,0.9899256825447083
9953,alguém vem fazer massagem em mim porfavor eu pago dez reais,"('pt', 0.9952574372291565)",pt,0.9952574372291565
10014,nnvsco vscocam  Centro De Convenções  SENAC Caruaru httpstcoUWJXNiKL,"('pt', 0.6764445900917053)",pt,0.6764445900917053
10022,Em sua essência socialista um dos objetivos de inclusão do Agita é… httpstcohEwRLtAT,"('pt', 0.9764598608016968)",pt,0.9764598608016968
10126,não tinha percebido que tá frio pra caraleo,"('pt', 0.9878408312797546)",pt,0.9878408312797546
10173,Boa tarde,"('pt', 0.5094026923179626)",pt,0.5094026923179626
10246,miiioliveira alineff AdinanFGM Sabia q vc ia se pronunciar mas ngm jogou milho aqui miranha,"('pt', 0.8194501399993896)",pt,0.8194501399993896
10360,Dia produtivo O que me alimenta no sorriso que consegui… httpstcokCQwXYdXA,"('pt', 0.6201200485229492)",pt,0.6201200485229492
10371,Im at Estação Itaim Paulista CPTM  cptmoficial in São Paulo SP httpstcoosrbdVV,"('pt', 0.6748226881027222)",pt,0.6748226881027222
10403,Exatamente na hora que ELA quer  Landmark httpstcotAijEWKBf,"('pt', 0.558107852935791)",pt,0.558107852935791
10429,Avião sem asa nFogueira sem brasa nSou eu assim sem você nFutebol sem bola nPiupiu sem… httpstcoKOhPHwE,"('pt', 0.9753665924072266)",pt,0.9753665924072266
10466,Não é o Rio Ipirangarssss Mas daqui eu gritei Independência ou Morte   Praia Barra Do Sahy httpstcoAqVyBgHU,"('pt', 0.9897704720497131)",pt,0.9897704720497131
10498,El Nido fica ao norte de Palawan uma das ilhas mais turísticas das Filipinas Estive lá em… httpstcoskdpniBvk,"('pt', 0.9085416793823242)",pt,0.9085416793823242
